"x","y"
-77.6,-18.9
-77.5,-18.9
-77.4,-18.9
-77.3,-18.9
-77.2,-18.9
-77.1,-18.9
-77,-18.9
-76.9,-18.9
-77.6,-18.8
-77.5,-18.8
-77.4,-18.8
-77.3,-18.8
-77.2,-18.8
-77.1,-18.8
-77,-18.8
-76.9,-18.8
-76.8,-18.8
-76.7,-18.8
-76.6,-18.8
-76.5,-18.8
-76.4,-18.8
-76.3,-18.8
-76.2,-18.8
-76.1,-18.8
-76,-18.8
-75.9,-18.8
-75.8,-18.8
-75.7,-18.8
-75.6,-18.8
-75.5,-18.8
-75.4,-18.8
-75.3,-18.8
-75.2,-18.8
-75.1,-18.8
-75,-18.8
-74.9,-18.8
-74.8,-18.8
-74.7,-18.8
-74.6,-18.8
-74.5,-18.8
-74.4,-18.8
-74.3,-18.8
-74.2,-18.8
-74.1,-18.8
-74,-18.8
-73.9,-18.8
-73.8,-18.8
-73.7,-18.8
-73.6,-18.8
-73.5,-18.8
-73.4,-18.8
-73.3,-18.8
-73.2,-18.8
-73.1,-18.8
-73,-18.8
-72.9,-18.8
-72.8,-18.8
-72.7,-18.8
-72.6,-18.8
-72.5,-18.8
-72.4,-18.8
-72.3,-18.8
-77.7,-18.7
-77.6,-18.7
-77.5,-18.7
-77.4,-18.7
-77.3,-18.7
-77.2,-18.7
-77.1,-18.7
-77,-18.7
-76.9,-18.7
-76.8,-18.7
-76.7,-18.7
-76.6,-18.7
-76.5,-18.7
-76.4,-18.7
-76.3,-18.7
-76.2,-18.7
-76.1,-18.7
-76,-18.7
-75.9,-18.7
-75.8,-18.7
-75.7,-18.7
-75.6,-18.7
-75.5,-18.7
-75.4,-18.7
-75.3,-18.7
-75.2,-18.7
-75.1,-18.7
-75,-18.7
-74.9,-18.7
-74.8,-18.7
-74.7,-18.7
-74.6,-18.7
-74.5,-18.7
-74.4,-18.7
-74.3,-18.7
-74.2,-18.7
-74.1,-18.7
-74,-18.7
-73.9,-18.7
-73.8,-18.7
-73.7,-18.7
-73.6,-18.7
-73.5,-18.7
-73.4,-18.7
-73.3,-18.7
-73.2,-18.7
-73.1,-18.7
-73,-18.7
-72.9,-18.7
-72.8,-18.7
-72.7,-18.7
-72.6,-18.7
-72.5,-18.7
-72.4,-18.7
-72.3,-18.7
-77.7,-18.6
-77.6,-18.6
-77.5,-18.6
-77.4,-18.6
-77.3,-18.6
-77.2,-18.6
-77.1,-18.6
-77,-18.6
-76.9,-18.6
-76.8,-18.6
-76.7,-18.6
-76.6,-18.6
-76.5,-18.6
-76.4,-18.6
-76.3,-18.6
-76.2,-18.6
-76.1,-18.6
-76,-18.6
-75.9,-18.6
-75.8,-18.6
-75.7,-18.6
-75.6,-18.6
-75.5,-18.6
-75.4,-18.6
-75.3,-18.6
-75.2,-18.6
-75.1,-18.6
-75,-18.6
-74.9,-18.6
-74.8,-18.6
-74.7,-18.6
-74.6,-18.6
-74.5,-18.6
-74.4,-18.6
-74.3,-18.6
-74.2,-18.6
-74.1,-18.6
-74,-18.6
-73.9,-18.6
-73.8,-18.6
-73.7,-18.6
-73.6,-18.6
-73.5,-18.6
-73.4,-18.6
-73.3,-18.6
-73.2,-18.6
-73.1,-18.6
-73,-18.6
-72.9,-18.6
-72.8,-18.6
-72.7,-18.6
-72.6,-18.6
-72.5,-18.6
-72.4,-18.6
-72.3,-18.6
-77.7,-18.5
-77.6,-18.5
-77.5,-18.5
-77.4,-18.5
-77.3,-18.5
-77.2,-18.5
-77.1,-18.5
-77,-18.5
-76.9,-18.5
-76.8,-18.5
-76.7,-18.5
-76.6,-18.5
-76.5,-18.5
-76.4,-18.5
-76.3,-18.5
-76.2,-18.5
-76.1,-18.5
-76,-18.5
-75.9,-18.5
-75.8,-18.5
-75.7,-18.5
-75.6,-18.5
-75.5,-18.5
-75.4,-18.5
-75.3,-18.5
-75.2,-18.5
-75.1,-18.5
-75,-18.5
-74.9,-18.5
-74.8,-18.5
-74.7,-18.5
-74.6,-18.5
-74.5,-18.5
-74.4,-18.5
-74.3,-18.5
-74.2,-18.5
-74.1,-18.5
-74,-18.5
-73.9,-18.5
-73.8,-18.5
-73.7,-18.5
-73.6,-18.5
-73.5,-18.5
-73.4,-18.5
-73.3,-18.5
-73.2,-18.5
-73.1,-18.5
-73,-18.5
-72.9,-18.5
-72.8,-18.5
-72.7,-18.5
-72.6,-18.5
-72.5,-18.5
-72.4,-18.5
-72.3,-18.5
-77.8,-18.4
-77.7,-18.4
-77.6,-18.4
-77.5,-18.4
-77.4,-18.4
-77.3,-18.4
-77.2,-18.4
-77.1,-18.4
-77,-18.4
-76.9,-18.4
-76.8,-18.4
-76.7,-18.4
-76.6,-18.4
-76.5,-18.4
-76.4,-18.4
-76.3,-18.4
-76.2,-18.4
-76.1,-18.4
-76,-18.4
-75.9,-18.4
-75.8,-18.4
-75.7,-18.4
-75.6,-18.4
-75.5,-18.4
-75.4,-18.4
-75.3,-18.4
-75.2,-18.4
-75.1,-18.4
-75,-18.4
-74.9,-18.4
-74.8,-18.4
-74.7,-18.4
-74.6,-18.4
-74.5,-18.4
-74.4,-18.4
-74.3,-18.4
-74.2,-18.4
-74.1,-18.4
-74,-18.4
-73.9,-18.4
-73.8,-18.4
-73.7,-18.4
-73.6,-18.4
-73.5,-18.4
-73.4,-18.4
-73.3,-18.4
-73.2,-18.4
-73.1,-18.4
-73,-18.4
-72.9,-18.4
-72.8,-18.4
-72.7,-18.4
-72.6,-18.4
-72.5,-18.4
-72.4,-18.4
-72.3,-18.4
-77.8,-18.3
-77.7,-18.3
-77.6,-18.3
-77.5,-18.3
-77.4,-18.3
-77.3,-18.3
-77.2,-18.3
-77.1,-18.3
-77,-18.3
-76.9,-18.3
-76.8,-18.3
-76.7,-18.3
-76.6,-18.3
-76.5,-18.3
-76.4,-18.3
-76.3,-18.3
-76.2,-18.3
-76.1,-18.3
-76,-18.3
-75.9,-18.3
-75.8,-18.3
-75.7,-18.3
-75.6,-18.3
-75.5,-18.3
-75.4,-18.3
-75.3,-18.3
-75.2,-18.3
-75.1,-18.3
-75,-18.3
-74.9,-18.3
-74.8,-18.3
-74.7,-18.3
-74.6,-18.3
-74.5,-18.3
-74.4,-18.3
-74.3,-18.3
-74.2,-18.3
-74.1,-18.3
-74,-18.3
-73.9,-18.3
-73.8,-18.3
-73.7,-18.3
-73.6,-18.3
-73.5,-18.3
-73.4,-18.3
-73.3,-18.3
-73.2,-18.3
-73.1,-18.3
-73,-18.3
-72.9,-18.3
-72.8,-18.3
-72.7,-18.3
-72.6,-18.3
-72.5,-18.3
-72.4,-18.3
-72.3,-18.3
-77.9,-18.2
-77.8,-18.2
-77.7,-18.2
-77.6,-18.2
-77.5,-18.2
-77.4,-18.2
-77.3,-18.2
-77.2,-18.2
-77.1,-18.2
-77,-18.2
-76.9,-18.2
-76.8,-18.2
-76.7,-18.2
-76.6,-18.2
-76.5,-18.2
-76.4,-18.2
-76.3,-18.2
-76.2,-18.2
-76.1,-18.2
-76,-18.2
-75.9,-18.2
-75.8,-18.2
-75.7,-18.2
-75.6,-18.2
-75.5,-18.2
-75.4,-18.2
-75.3,-18.2
-75.2,-18.2
-75.1,-18.2
-75,-18.2
-74.9,-18.2
-74.8,-18.2
-74.7,-18.2
-74.6,-18.2
-74.5,-18.2
-74.4,-18.2
-74.3,-18.2
-74.2,-18.2
-74.1,-18.2
-74,-18.2
-73.9,-18.2
-73.8,-18.2
-73.7,-18.2
-73.6,-18.2
-73.5,-18.2
-73.4,-18.2
-73.3,-18.2
-73.2,-18.2
-73.1,-18.2
-73,-18.2
-72.9,-18.2
-72.8,-18.2
-72.7,-18.2
-72.6,-18.2
-72.5,-18.2
-72.4,-18.2
-72.3,-18.2
-77.9,-18.1
-77.8,-18.1
-77.7,-18.1
-77.6,-18.1
-77.5,-18.1
-77.4,-18.1
-77.3,-18.1
-77.2,-18.1
-77.1,-18.1
-77,-18.1
-76.9,-18.1
-76.8,-18.1
-76.7,-18.1
-76.6,-18.1
-76.5,-18.1
-76.4,-18.1
-76.3,-18.1
-76.2,-18.1
-76.1,-18.1
-76,-18.1
-75.9,-18.1
-75.8,-18.1
-75.7,-18.1
-75.6,-18.1
-75.5,-18.1
-75.4,-18.1
-75.3,-18.1
-75.2,-18.1
-75.1,-18.1
-75,-18.1
-74.9,-18.1
-74.8,-18.1
-74.7,-18.1
-74.6,-18.1
-74.5,-18.1
-74.4,-18.1
-74.3,-18.1
-74.2,-18.1
-74.1,-18.1
-74,-18.1
-73.9,-18.1
-73.8,-18.1
-73.7,-18.1
-73.6,-18.1
-73.5,-18.1
-73.4,-18.1
-73.3,-18.1
-73.2,-18.1
-73.1,-18.1
-73,-18.1
-72.9,-18.1
-72.8,-18.1
-72.7,-18.1
-72.6,-18.1
-72.5,-18.1
-72.4,-18.1
-72.3,-18.1
-78,-18
-77.9,-18
-77.8,-18
-77.7,-18
-77.6,-18
-77.5,-18
-77.4,-18
-77.3,-18
-77.2,-18
-77.1,-18
-77,-18
-76.9,-18
-76.8,-18
-76.7,-18
-76.6,-18
-76.5,-18
-76.4,-18
-76.3,-18
-76.2,-18
-76.1,-18
-76,-18
-75.9,-18
-75.8,-18
-75.7,-18
-75.6,-18
-75.5,-18
-75.4,-18
-75.3,-18
-75.2,-18
-75.1,-18
-75,-18
-74.9,-18
-74.8,-18
-74.7,-18
-74.6,-18
-74.5,-18
-74.4,-18
-74.3,-18
-74.2,-18
-74.1,-18
-74,-18
-73.9,-18
-73.8,-18
-73.7,-18
-73.6,-18
-73.5,-18
-73.4,-18
-73.3,-18
-73.2,-18
-73.1,-18
-73,-18
-72.9,-18
-72.8,-18
-72.7,-18
-72.6,-18
-72.5,-18
-72.4,-18
-72.3,-18
-78,-17.9
-77.9,-17.9
-77.8,-17.9
-77.7,-17.9
-77.6,-17.9
-77.5,-17.9
-77.4,-17.9
-77.3,-17.9
-77.2,-17.9
-77.1,-17.9
-77,-17.9
-76.9,-17.9
-76.8,-17.9
-76.7,-17.9
-76.6,-17.9
-76.5,-17.9
-76.4,-17.9
-76.3,-17.9
-76.2,-17.9
-76.1,-17.9
-76,-17.9
-75.9,-17.9
-75.8,-17.9
-75.7,-17.9
-75.6,-17.9
-75.5,-17.9
-75.4,-17.9
-75.3,-17.9
-75.2,-17.9
-75.1,-17.9
-75,-17.9
-74.9,-17.9
-74.8,-17.9
-74.7,-17.9
-74.6,-17.9
-74.5,-17.9
-74.4,-17.9
-74.3,-17.9
-74.2,-17.9
-74.1,-17.9
-74,-17.9
-73.9,-17.9
-73.8,-17.9
-73.7,-17.9
-73.6,-17.9
-73.5,-17.9
-73.4,-17.9
-73.3,-17.9
-73.2,-17.9
-73.1,-17.9
-73,-17.9
-72.9,-17.9
-72.8,-17.9
-72.7,-17.9
-72.6,-17.9
-72.5,-17.9
-72.4,-17.9
-78.1,-17.8
-78,-17.8
-77.9,-17.8
-77.8,-17.8
-77.7,-17.8
-77.6,-17.8
-77.5,-17.8
-77.4,-17.8
-77.3,-17.8
-77.2,-17.8
-77.1,-17.8
-77,-17.8
-76.9,-17.8
-76.8,-17.8
-76.7,-17.8
-76.6,-17.8
-76.5,-17.8
-76.4,-17.8
-76.3,-17.8
-76.2,-17.8
-76.1,-17.8
-76,-17.8
-75.9,-17.8
-75.8,-17.8
-75.7,-17.8
-75.6,-17.8
-75.5,-17.8
-75.4,-17.8
-75.3,-17.8
-75.2,-17.8
-75.1,-17.8
-75,-17.8
-74.9,-17.8
-74.8,-17.8
-74.7,-17.8
-74.6,-17.8
-74.5,-17.8
-74.4,-17.8
-74.3,-17.8
-74.2,-17.8
-74.1,-17.8
-74,-17.8
-73.9,-17.8
-73.8,-17.8
-73.7,-17.8
-73.6,-17.8
-73.5,-17.8
-73.4,-17.8
-73.3,-17.8
-73.2,-17.8
-73.1,-17.8
-73,-17.8
-72.9,-17.8
-72.8,-17.8
-72.7,-17.8
-72.6,-17.8
-72.5,-17.8
-72.4,-17.8
-78.1,-17.7
-78,-17.7
-77.9,-17.7
-77.8,-17.7
-77.7,-17.7
-77.6,-17.7
-77.5,-17.7
-77.4,-17.7
-77.3,-17.7
-77.2,-17.7
-77.1,-17.7
-77,-17.7
-76.9,-17.7
-76.8,-17.7
-76.7,-17.7
-76.6,-17.7
-76.5,-17.7
-76.4,-17.7
-76.3,-17.7
-76.2,-17.7
-76.1,-17.7
-76,-17.7
-75.9,-17.7
-75.8,-17.7
-75.7,-17.7
-75.6,-17.7
-75.5,-17.7
-75.4,-17.7
-75.3,-17.7
-75.2,-17.7
-75.1,-17.7
-75,-17.7
-74.9,-17.7
-74.8,-17.7
-74.7,-17.7
-74.6,-17.7
-74.5,-17.7
-74.4,-17.7
-74.3,-17.7
-74.2,-17.7
-74.1,-17.7
-74,-17.7
-73.9,-17.7
-73.8,-17.7
-73.7,-17.7
-73.6,-17.7
-73.5,-17.7
-73.4,-17.7
-73.3,-17.7
-73.2,-17.7
-73.1,-17.7
-73,-17.7
-72.9,-17.7
-72.8,-17.7
-72.7,-17.7
-72.6,-17.7
-72.5,-17.7
-72.4,-17.7
-78.1,-17.6
-78,-17.6
-77.9,-17.6
-77.8,-17.6
-77.7,-17.6
-77.6,-17.6
-77.5,-17.6
-77.4,-17.6
-77.3,-17.6
-77.2,-17.6
-77.1,-17.6
-77,-17.6
-76.9,-17.6
-76.8,-17.6
-76.7,-17.6
-76.6,-17.6
-76.5,-17.6
-76.4,-17.6
-76.3,-17.6
-76.2,-17.6
-76.1,-17.6
-76,-17.6
-75.9,-17.6
-75.8,-17.6
-75.7,-17.6
-75.6,-17.6
-75.5,-17.6
-75.4,-17.6
-75.3,-17.6
-75.2,-17.6
-75.1,-17.6
-75,-17.6
-74.9,-17.6
-74.8,-17.6
-74.7,-17.6
-74.6,-17.6
-74.5,-17.6
-74.4,-17.6
-74.3,-17.6
-74.2,-17.6
-74.1,-17.6
-74,-17.6
-73.9,-17.6
-73.8,-17.6
-73.7,-17.6
-73.6,-17.6
-73.5,-17.6
-73.4,-17.6
-73.3,-17.6
-73.2,-17.6
-73.1,-17.6
-73,-17.6
-72.9,-17.6
-72.8,-17.6
-72.7,-17.6
-72.6,-17.6
-72.5,-17.6
-72.4,-17.6
-78.2,-17.5
-78.1,-17.5
-78,-17.5
-77.9,-17.5
-77.8,-17.5
-77.7,-17.5
-77.6,-17.5
-77.5,-17.5
-77.4,-17.5
-77.3,-17.5
-77.2,-17.5
-77.1,-17.5
-77,-17.5
-76.9,-17.5
-76.8,-17.5
-76.7,-17.5
-76.6,-17.5
-76.5,-17.5
-76.4,-17.5
-76.3,-17.5
-76.2,-17.5
-76.1,-17.5
-76,-17.5
-75.9,-17.5
-75.8,-17.5
-75.7,-17.5
-75.6,-17.5
-75.5,-17.5
-75.4,-17.5
-75.3,-17.5
-75.2,-17.5
-75.1,-17.5
-75,-17.5
-74.9,-17.5
-74.8,-17.5
-74.7,-17.5
-74.6,-17.5
-74.5,-17.5
-74.4,-17.5
-74.3,-17.5
-74.2,-17.5
-74.1,-17.5
-74,-17.5
-73.9,-17.5
-73.8,-17.5
-73.7,-17.5
-73.6,-17.5
-73.5,-17.5
-73.4,-17.5
-73.3,-17.5
-73.2,-17.5
-73.1,-17.5
-73,-17.5
-72.9,-17.5
-72.8,-17.5
-72.7,-17.5
-72.6,-17.5
-72.5,-17.5
-72.4,-17.5
-78.2,-17.4
-78.1,-17.4
-78,-17.4
-77.9,-17.4
-77.8,-17.4
-77.7,-17.4
-77.6,-17.4
-77.5,-17.4
-77.4,-17.4
-77.3,-17.4
-77.2,-17.4
-77.1,-17.4
-77,-17.4
-76.9,-17.4
-76.8,-17.4
-76.7,-17.4
-76.6,-17.4
-76.5,-17.4
-76.4,-17.4
-76.3,-17.4
-76.2,-17.4
-76.1,-17.4
-76,-17.4
-75.9,-17.4
-75.8,-17.4
-75.7,-17.4
-75.6,-17.4
-75.5,-17.4
-75.4,-17.4
-75.3,-17.4
-75.2,-17.4
-75.1,-17.4
-75,-17.4
-74.9,-17.4
-74.8,-17.4
-74.7,-17.4
-74.6,-17.4
-74.5,-17.4
-74.4,-17.4
-74.3,-17.4
-74.2,-17.4
-74.1,-17.4
-74,-17.4
-73.9,-17.4
-73.8,-17.4
-73.7,-17.4
-73.6,-17.4
-73.5,-17.4
-73.4,-17.4
-73.3,-17.4
-73.2,-17.4
-73.1,-17.4
-73,-17.4
-72.9,-17.4
-72.8,-17.4
-72.7,-17.4
-72.6,-17.4
-72.5,-17.4
-72.4,-17.4
-78.3,-17.3
-78.2,-17.3
-78.1,-17.3
-78,-17.3
-77.9,-17.3
-77.8,-17.3
-77.7,-17.3
-77.6,-17.3
-77.5,-17.3
-77.4,-17.3
-77.3,-17.3
-77.2,-17.3
-77.1,-17.3
-77,-17.3
-76.9,-17.3
-76.8,-17.3
-76.7,-17.3
-76.6,-17.3
-76.5,-17.3
-76.4,-17.3
-76.3,-17.3
-76.2,-17.3
-76.1,-17.3
-76,-17.3
-75.9,-17.3
-75.8,-17.3
-75.7,-17.3
-75.6,-17.3
-75.5,-17.3
-75.4,-17.3
-75.3,-17.3
-75.2,-17.3
-75.1,-17.3
-75,-17.3
-74.9,-17.3
-74.8,-17.3
-74.7,-17.3
-74.6,-17.3
-74.5,-17.3
-74.4,-17.3
-74.3,-17.3
-74.2,-17.3
-74.1,-17.3
-74,-17.3
-73.9,-17.3
-73.8,-17.3
-73.7,-17.3
-73.6,-17.3
-73.5,-17.3
-73.4,-17.3
-73.3,-17.3
-73.2,-17.3
-73.1,-17.3
-73,-17.3
-72.9,-17.3
-72.8,-17.3
-72.7,-17.3
-72.6,-17.3
-72.5,-17.3
-72.4,-17.3
-78.3,-17.2
-78.2,-17.2
-78.1,-17.2
-78,-17.2
-77.9,-17.2
-77.8,-17.2
-77.7,-17.2
-77.6,-17.2
-77.5,-17.2
-77.4,-17.2
-77.3,-17.2
-77.2,-17.2
-77.1,-17.2
-77,-17.2
-76.9,-17.2
-76.8,-17.2
-76.7,-17.2
-76.6,-17.2
-76.5,-17.2
-76.4,-17.2
-76.3,-17.2
-76.2,-17.2
-76.1,-17.2
-76,-17.2
-75.9,-17.2
-75.8,-17.2
-75.7,-17.2
-75.6,-17.2
-75.5,-17.2
-75.4,-17.2
-75.3,-17.2
-75.2,-17.2
-75.1,-17.2
-75,-17.2
-74.9,-17.2
-74.8,-17.2
-74.7,-17.2
-74.6,-17.2
-74.5,-17.2
-74.4,-17.2
-74.3,-17.2
-74.2,-17.2
-74.1,-17.2
-74,-17.2
-73.9,-17.2
-73.8,-17.2
-73.7,-17.2
-73.6,-17.2
-73.5,-17.2
-73.4,-17.2
-73.3,-17.2
-73.2,-17.2
-73.1,-17.2
-73,-17.2
-72.9,-17.2
-72.8,-17.2
-72.7,-17.2
-72.6,-17.2
-72.5,-17.2
-72.4,-17.2
-78.4,-17.1
-78.3,-17.1
-78.2,-17.1
-78.1,-17.1
-78,-17.1
-77.9,-17.1
-77.8,-17.1
-77.7,-17.1
-77.6,-17.1
-77.5,-17.1
-77.4,-17.1
-77.3,-17.1
-77.2,-17.1
-77.1,-17.1
-77,-17.1
-76.9,-17.1
-76.8,-17.1
-76.7,-17.1
-76.6,-17.1
-76.5,-17.1
-76.4,-17.1
-76.3,-17.1
-76.2,-17.1
-76.1,-17.1
-76,-17.1
-75.9,-17.1
-75.8,-17.1
-75.7,-17.1
-75.6,-17.1
-75.5,-17.1
-75.4,-17.1
-75.3,-17.1
-75.2,-17.1
-75.1,-17.1
-75,-17.1
-74.9,-17.1
-74.8,-17.1
-74.7,-17.1
-74.6,-17.1
-74.5,-17.1
-74.4,-17.1
-74.3,-17.1
-74.2,-17.1
-74.1,-17.1
-74,-17.1
-73.9,-17.1
-73.8,-17.1
-73.7,-17.1
-73.6,-17.1
-73.5,-17.1
-73.4,-17.1
-73.3,-17.1
-73.2,-17.1
-73.1,-17.1
-73,-17.1
-72.9,-17.1
-72.8,-17.1
-72.7,-17.1
-72.6,-17.1
-72.5,-17.1
-78.4,-17
-78.3,-17
-78.2,-17
-78.1,-17
-78,-17
-77.9,-17
-77.8,-17
-77.7,-17
-77.6,-17
-77.5,-17
-77.4,-17
-77.3,-17
-77.2,-17
-77.1,-17
-77,-17
-76.9,-17
-76.8,-17
-76.7,-17
-76.6,-17
-76.5,-17
-76.4,-17
-76.3,-17
-76.2,-17
-76.1,-17
-76,-17
-75.9,-17
-75.8,-17
-75.7,-17
-75.6,-17
-75.5,-17
-75.4,-17
-75.3,-17
-75.2,-17
-75.1,-17
-75,-17
-74.9,-17
-74.8,-17
-74.7,-17
-74.6,-17
-74.5,-17
-74.4,-17
-74.3,-17
-74.2,-17
-74.1,-17
-74,-17
-73.9,-17
-73.8,-17
-73.7,-17
-73.6,-17
-73.5,-17
-73.4,-17
-73.3,-17
-73.2,-17
-73.1,-17
-73,-17
-72.9,-17
-72.8,-17
-72.7,-17
-78.5,-16.9
-78.4,-16.9
-78.3,-16.9
-78.2,-16.9
-78.1,-16.9
-78,-16.9
-77.9,-16.9
-77.8,-16.9
-77.7,-16.9
-77.6,-16.9
-77.5,-16.9
-77.4,-16.9
-77.3,-16.9
-77.2,-16.9
-77.1,-16.9
-77,-16.9
-76.9,-16.9
-76.8,-16.9
-76.7,-16.9
-76.6,-16.9
-76.5,-16.9
-76.4,-16.9
-76.3,-16.9
-76.2,-16.9
-76.1,-16.9
-76,-16.9
-75.9,-16.9
-75.8,-16.9
-75.7,-16.9
-75.6,-16.9
-75.5,-16.9
-75.4,-16.9
-75.3,-16.9
-75.2,-16.9
-75.1,-16.9
-75,-16.9
-74.9,-16.9
-74.8,-16.9
-74.7,-16.9
-74.6,-16.9
-74.5,-16.9
-74.4,-16.9
-74.3,-16.9
-74.2,-16.9
-74.1,-16.9
-74,-16.9
-73.9,-16.9
-73.8,-16.9
-73.7,-16.9
-73.6,-16.9
-73.5,-16.9
-73.4,-16.9
-73.3,-16.9
-73.2,-16.9
-73.1,-16.9
-73,-16.9
-72.9,-16.9
-72.8,-16.9
-78.5,-16.8
-78.4,-16.8
-78.3,-16.8
-78.2,-16.8
-78.1,-16.8
-78,-16.8
-77.9,-16.8
-77.8,-16.8
-77.7,-16.8
-77.6,-16.8
-77.5,-16.8
-77.4,-16.8
-77.3,-16.8
-77.2,-16.8
-77.1,-16.8
-77,-16.8
-76.9,-16.8
-76.8,-16.8
-76.7,-16.8
-76.6,-16.8
-76.5,-16.8
-76.4,-16.8
-76.3,-16.8
-76.2,-16.8
-76.1,-16.8
-76,-16.8
-75.9,-16.8
-75.8,-16.8
-75.7,-16.8
-75.6,-16.8
-75.5,-16.8
-75.4,-16.8
-75.3,-16.8
-75.2,-16.8
-75.1,-16.8
-75,-16.8
-74.9,-16.8
-74.8,-16.8
-74.7,-16.8
-74.6,-16.8
-74.5,-16.8
-74.4,-16.8
-74.3,-16.8
-74.2,-16.8
-74.1,-16.8
-74,-16.8
-73.9,-16.8
-73.8,-16.8
-73.7,-16.8
-73.6,-16.8
-73.5,-16.8
-73.4,-16.8
-73.3,-16.8
-73.2,-16.8
-73.1,-16.8
-73,-16.8
-78.6,-16.7
-78.5,-16.7
-78.4,-16.7
-78.3,-16.7
-78.2,-16.7
-78.1,-16.7
-78,-16.7
-77.9,-16.7
-77.8,-16.7
-77.7,-16.7
-77.6,-16.7
-77.5,-16.7
-77.4,-16.7
-77.3,-16.7
-77.2,-16.7
-77.1,-16.7
-77,-16.7
-76.9,-16.7
-76.8,-16.7
-76.7,-16.7
-76.6,-16.7
-76.5,-16.7
-76.4,-16.7
-76.3,-16.7
-76.2,-16.7
-76.1,-16.7
-76,-16.7
-75.9,-16.7
-75.8,-16.7
-75.7,-16.7
-75.6,-16.7
-75.5,-16.7
-75.4,-16.7
-75.3,-16.7
-75.2,-16.7
-75.1,-16.7
-75,-16.7
-74.9,-16.7
-74.8,-16.7
-74.7,-16.7
-74.6,-16.7
-74.5,-16.7
-74.4,-16.7
-74.3,-16.7
-74.2,-16.7
-74.1,-16.7
-74,-16.7
-73.9,-16.7
-73.8,-16.7
-73.7,-16.7
-73.6,-16.7
-73.5,-16.7
-73.4,-16.7
-73.3,-16.7
-73.2,-16.7
-73.1,-16.7
-78.6,-16.6
-78.5,-16.6
-78.4,-16.6
-78.3,-16.6
-78.2,-16.6
-78.1,-16.6
-78,-16.6
-77.9,-16.6
-77.8,-16.6
-77.7,-16.6
-77.6,-16.6
-77.5,-16.6
-77.4,-16.6
-77.3,-16.6
-77.2,-16.6
-77.1,-16.6
-77,-16.6
-76.9,-16.6
-76.8,-16.6
-76.7,-16.6
-76.6,-16.6
-76.5,-16.6
-76.4,-16.6
-76.3,-16.6
-76.2,-16.6
-76.1,-16.6
-76,-16.6
-75.9,-16.6
-75.8,-16.6
-75.7,-16.6
-75.6,-16.6
-75.5,-16.6
-75.4,-16.6
-75.3,-16.6
-75.2,-16.6
-75.1,-16.6
-75,-16.6
-74.9,-16.6
-74.8,-16.6
-74.7,-16.6
-74.6,-16.6
-74.5,-16.6
-74.4,-16.6
-74.3,-16.6
-74.2,-16.6
-74.1,-16.6
-74,-16.6
-73.9,-16.6
-73.8,-16.6
-73.7,-16.6
-73.6,-16.6
-73.5,-16.6
-73.4,-16.6
-73.3,-16.6
-73.2,-16.6
-78.7,-16.5
-78.6,-16.5
-78.5,-16.5
-78.4,-16.5
-78.3,-16.5
-78.2,-16.5
-78.1,-16.5
-78,-16.5
-77.9,-16.5
-77.8,-16.5
-77.7,-16.5
-77.6,-16.5
-77.5,-16.5
-77.4,-16.5
-77.3,-16.5
-77.2,-16.5
-77.1,-16.5
-77,-16.5
-76.9,-16.5
-76.8,-16.5
-76.7,-16.5
-76.6,-16.5
-76.5,-16.5
-76.4,-16.5
-76.3,-16.5
-76.2,-16.5
-76.1,-16.5
-76,-16.5
-75.9,-16.5
-75.8,-16.5
-75.7,-16.5
-75.6,-16.5
-75.5,-16.5
-75.4,-16.5
-75.3,-16.5
-75.2,-16.5
-75.1,-16.5
-75,-16.5
-74.9,-16.5
-74.8,-16.5
-74.7,-16.5
-74.6,-16.5
-74.5,-16.5
-74.4,-16.5
-74.3,-16.5
-74.2,-16.5
-74.1,-16.5
-74,-16.5
-73.9,-16.5
-73.8,-16.5
-73.7,-16.5
-73.6,-16.5
-73.5,-16.5
-73.4,-16.5
-78.8,-16.4
-78.7,-16.4
-78.6,-16.4
-78.5,-16.4
-78.4,-16.4
-78.3,-16.4
-78.2,-16.4
-78.1,-16.4
-78,-16.4
-77.9,-16.4
-77.8,-16.4
-77.7,-16.4
-77.6,-16.4
-77.5,-16.4
-77.4,-16.4
-77.3,-16.4
-77.2,-16.4
-77.1,-16.4
-77,-16.4
-76.9,-16.4
-76.8,-16.4
-76.7,-16.4
-76.6,-16.4
-76.5,-16.4
-76.4,-16.4
-76.3,-16.4
-76.2,-16.4
-76.1,-16.4
-76,-16.4
-75.9,-16.4
-75.8,-16.4
-75.7,-16.4
-75.6,-16.4
-75.5,-16.4
-75.4,-16.4
-75.3,-16.4
-75.2,-16.4
-75.1,-16.4
-75,-16.4
-74.9,-16.4
-74.8,-16.4
-74.7,-16.4
-74.6,-16.4
-74.5,-16.4
-74.4,-16.4
-74.3,-16.4
-74.2,-16.4
-74.1,-16.4
-74,-16.4
-73.9,-16.4
-73.8,-16.4
-73.7,-16.4
-73.6,-16.4
-73.5,-16.4
-78.8,-16.3
-78.7,-16.3
-78.6,-16.3
-78.5,-16.3
-78.4,-16.3
-78.3,-16.3
-78.2,-16.3
-78.1,-16.3
-78,-16.3
-77.9,-16.3
-77.8,-16.3
-77.7,-16.3
-77.6,-16.3
-77.5,-16.3
-77.4,-16.3
-77.3,-16.3
-77.2,-16.3
-77.1,-16.3
-77,-16.3
-76.9,-16.3
-76.8,-16.3
-76.7,-16.3
-76.6,-16.3
-76.5,-16.3
-76.4,-16.3
-76.3,-16.3
-76.2,-16.3
-76.1,-16.3
-76,-16.3
-75.9,-16.3
-75.8,-16.3
-75.7,-16.3
-75.6,-16.3
-75.5,-16.3
-75.4,-16.3
-75.3,-16.3
-75.2,-16.3
-75.1,-16.3
-75,-16.3
-74.9,-16.3
-74.8,-16.3
-74.7,-16.3
-74.6,-16.3
-74.5,-16.3
-74.4,-16.3
-74.3,-16.3
-74.2,-16.3
-74.1,-16.3
-74,-16.3
-73.9,-16.3
-73.8,-16.3
-73.7,-16.3
-78.9,-16.2
-78.8,-16.2
-78.7,-16.2
-78.6,-16.2
-78.5,-16.2
-78.4,-16.2
-78.3,-16.2
-78.2,-16.2
-78.1,-16.2
-78,-16.2
-77.9,-16.2
-77.8,-16.2
-77.7,-16.2
-77.6,-16.2
-77.5,-16.2
-77.4,-16.2
-77.3,-16.2
-77.2,-16.2
-77.1,-16.2
-77,-16.2
-76.9,-16.2
-76.8,-16.2
-76.7,-16.2
-76.6,-16.2
-76.5,-16.2
-76.4,-16.2
-76.3,-16.2
-76.2,-16.2
-76.1,-16.2
-76,-16.2
-75.9,-16.2
-75.8,-16.2
-75.7,-16.2
-75.6,-16.2
-75.5,-16.2
-75.4,-16.2
-75.3,-16.2
-75.2,-16.2
-75.1,-16.2
-75,-16.2
-74.9,-16.2
-74.8,-16.2
-74.7,-16.2
-74.6,-16.2
-74.5,-16.2
-74.4,-16.2
-74.3,-16.2
-74.2,-16.2
-74.1,-16.2
-74,-16.2
-73.9,-16.2
-73.8,-16.2
-79,-16.1
-78.9,-16.1
-78.8,-16.1
-78.7,-16.1
-78.6,-16.1
-78.5,-16.1
-78.4,-16.1
-78.3,-16.1
-78.2,-16.1
-78.1,-16.1
-78,-16.1
-77.9,-16.1
-77.8,-16.1
-77.7,-16.1
-77.6,-16.1
-77.5,-16.1
-77.4,-16.1
-77.3,-16.1
-77.2,-16.1
-77.1,-16.1
-77,-16.1
-76.9,-16.1
-76.8,-16.1
-76.7,-16.1
-76.6,-16.1
-76.5,-16.1
-76.4,-16.1
-76.3,-16.1
-76.2,-16.1
-76.1,-16.1
-76,-16.1
-75.9,-16.1
-75.8,-16.1
-75.7,-16.1
-75.6,-16.1
-75.5,-16.1
-75.4,-16.1
-75.3,-16.1
-75.2,-16.1
-75.1,-16.1
-75,-16.1
-74.9,-16.1
-74.8,-16.1
-74.7,-16.1
-74.6,-16.1
-74.5,-16.1
-74.4,-16.1
-74.3,-16.1
-74.2,-16.1
-74.1,-16.1
-74,-16.1
-79,-16
-78.9,-16
-78.8,-16
-78.7,-16
-78.6,-16
-78.5,-16
-78.4,-16
-78.3,-16
-78.2,-16
-78.1,-16
-78,-16
-77.9,-16
-77.8,-16
-77.7,-16
-77.6,-16
-77.5,-16
-77.4,-16
-77.3,-16
-77.2,-16
-77.1,-16
-77,-16
-76.9,-16
-76.8,-16
-76.7,-16
-76.6,-16
-76.5,-16
-76.4,-16
-76.3,-16
-76.2,-16
-76.1,-16
-76,-16
-75.9,-16
-75.8,-16
-75.7,-16
-75.6,-16
-75.5,-16
-75.4,-16
-75.3,-16
-75.2,-16
-75.1,-16
-75,-16
-74.9,-16
-74.8,-16
-74.7,-16
-74.6,-16
-74.5,-16
-74.4,-16
-74.3,-16
-74.2,-16
-74.1,-16
-79.1,-15.9
-79,-15.9
-78.9,-15.9
-78.8,-15.9
-78.7,-15.9
-78.6,-15.9
-78.5,-15.9
-78.4,-15.9
-78.3,-15.9
-78.2,-15.9
-78.1,-15.9
-78,-15.9
-77.9,-15.9
-77.8,-15.9
-77.7,-15.9
-77.6,-15.9
-77.5,-15.9
-77.4,-15.9
-77.3,-15.9
-77.2,-15.9
-77.1,-15.9
-77,-15.9
-76.9,-15.9
-76.8,-15.9
-76.7,-15.9
-76.6,-15.9
-76.5,-15.9
-76.4,-15.9
-76.3,-15.9
-76.2,-15.9
-76.1,-15.9
-76,-15.9
-75.9,-15.9
-75.8,-15.9
-75.7,-15.9
-75.6,-15.9
-75.5,-15.9
-75.4,-15.9
-75.3,-15.9
-75.2,-15.9
-75.1,-15.9
-75,-15.9
-74.9,-15.9
-74.8,-15.9
-74.7,-15.9
-74.6,-15.9
-74.5,-15.9
-74.4,-15.9
-74.3,-15.9
-79.2,-15.8
-79.1,-15.8
-79,-15.8
-78.9,-15.8
-78.8,-15.8
-78.7,-15.8
-78.6,-15.8
-78.5,-15.8
-78.4,-15.8
-78.3,-15.8
-78.2,-15.8
-78.1,-15.8
-78,-15.8
-77.9,-15.8
-77.8,-15.8
-77.7,-15.8
-77.6,-15.8
-77.5,-15.8
-77.4,-15.8
-77.3,-15.8
-77.2,-15.8
-77.1,-15.8
-77,-15.8
-76.9,-15.8
-76.8,-15.8
-76.7,-15.8
-76.6,-15.8
-76.5,-15.8
-76.4,-15.8
-76.3,-15.8
-76.2,-15.8
-76.1,-15.8
-76,-15.8
-75.9,-15.8
-75.8,-15.8
-75.7,-15.8
-75.6,-15.8
-75.5,-15.8
-75.4,-15.8
-75.3,-15.8
-75.2,-15.8
-75.1,-15.8
-75,-15.8
-74.9,-15.8
-74.8,-15.8
-74.7,-15.8
-74.6,-15.8
-74.5,-15.8
-74.4,-15.8
-79.2,-15.7
-79.1,-15.7
-79,-15.7
-78.9,-15.7
-78.8,-15.7
-78.7,-15.7
-78.6,-15.7
-78.5,-15.7
-78.4,-15.7
-78.3,-15.7
-78.2,-15.7
-78.1,-15.7
-78,-15.7
-77.9,-15.7
-77.8,-15.7
-77.7,-15.7
-77.6,-15.7
-77.5,-15.7
-77.4,-15.7
-77.3,-15.7
-77.2,-15.7
-77.1,-15.7
-77,-15.7
-76.9,-15.7
-76.8,-15.7
-76.7,-15.7
-76.6,-15.7
-76.5,-15.7
-76.4,-15.7
-76.3,-15.7
-76.2,-15.7
-76.1,-15.7
-76,-15.7
-75.9,-15.7
-75.8,-15.7
-75.7,-15.7
-75.6,-15.7
-75.5,-15.7
-75.4,-15.7
-75.3,-15.7
-75.2,-15.7
-75.1,-15.7
-75,-15.7
-74.9,-15.7
-74.8,-15.7
-74.7,-15.7
-74.6,-15.7
-79.3,-15.6
-79.2,-15.6
-79.1,-15.6
-79,-15.6
-78.9,-15.6
-78.8,-15.6
-78.7,-15.6
-78.6,-15.6
-78.5,-15.6
-78.4,-15.6
-78.3,-15.6
-78.2,-15.6
-78.1,-15.6
-78,-15.6
-77.9,-15.6
-77.8,-15.6
-77.7,-15.6
-77.6,-15.6
-77.5,-15.6
-77.4,-15.6
-77.3,-15.6
-77.2,-15.6
-77.1,-15.6
-77,-15.6
-76.9,-15.6
-76.8,-15.6
-76.7,-15.6
-76.6,-15.6
-76.5,-15.6
-76.4,-15.6
-76.3,-15.6
-76.2,-15.6
-76.1,-15.6
-76,-15.6
-75.9,-15.6
-75.8,-15.6
-75.7,-15.6
-75.6,-15.6
-75.5,-15.6
-75.4,-15.6
-75.3,-15.6
-75.2,-15.6
-75.1,-15.6
-75,-15.6
-74.9,-15.6
-74.8,-15.6
-74.7,-15.6
-79.4,-15.5
-79.3,-15.5
-79.2,-15.5
-79.1,-15.5
-79,-15.5
-78.9,-15.5
-78.8,-15.5
-78.7,-15.5
-78.6,-15.5
-78.5,-15.5
-78.4,-15.5
-78.3,-15.5
-78.2,-15.5
-78.1,-15.5
-78,-15.5
-77.9,-15.5
-77.8,-15.5
-77.7,-15.5
-77.6,-15.5
-77.5,-15.5
-77.4,-15.5
-77.3,-15.5
-77.2,-15.5
-77.1,-15.5
-77,-15.5
-76.9,-15.5
-76.8,-15.5
-76.7,-15.5
-76.6,-15.5
-76.5,-15.5
-76.4,-15.5
-76.3,-15.5
-76.2,-15.5
-76.1,-15.5
-76,-15.5
-75.9,-15.5
-75.8,-15.5
-75.7,-15.5
-75.6,-15.5
-75.5,-15.5
-75.4,-15.5
-75.3,-15.5
-75.2,-15.5
-75.1,-15.5
-75,-15.5
-74.9,-15.5
-79.4,-15.4
-79.3,-15.4
-79.2,-15.4
-79.1,-15.4
-79,-15.4
-78.9,-15.4
-78.8,-15.4
-78.7,-15.4
-78.6,-15.4
-78.5,-15.4
-78.4,-15.4
-78.3,-15.4
-78.2,-15.4
-78.1,-15.4
-78,-15.4
-77.9,-15.4
-77.8,-15.4
-77.7,-15.4
-77.6,-15.4
-77.5,-15.4
-77.4,-15.4
-77.3,-15.4
-77.2,-15.4
-77.1,-15.4
-77,-15.4
-76.9,-15.4
-76.8,-15.4
-76.7,-15.4
-76.6,-15.4
-76.5,-15.4
-76.4,-15.4
-76.3,-15.4
-76.2,-15.4
-76.1,-15.4
-76,-15.4
-75.9,-15.4
-75.8,-15.4
-75.7,-15.4
-75.6,-15.4
-75.5,-15.4
-75.4,-15.4
-75.3,-15.4
-75.2,-15.4
-75.1,-15.4
-75,-15.4
-79.5,-15.3
-79.4,-15.3
-79.3,-15.3
-79.2,-15.3
-79.1,-15.3
-79,-15.3
-78.9,-15.3
-78.8,-15.3
-78.7,-15.3
-78.6,-15.3
-78.5,-15.3
-78.4,-15.3
-78.3,-15.3
-78.2,-15.3
-78.1,-15.3
-78,-15.3
-77.9,-15.3
-77.8,-15.3
-77.7,-15.3
-77.6,-15.3
-77.5,-15.3
-77.4,-15.3
-77.3,-15.3
-77.2,-15.3
-77.1,-15.3
-77,-15.3
-76.9,-15.3
-76.8,-15.3
-76.7,-15.3
-76.6,-15.3
-76.5,-15.3
-76.4,-15.3
-76.3,-15.3
-76.2,-15.3
-76.1,-15.3
-76,-15.3
-75.9,-15.3
-75.8,-15.3
-75.7,-15.3
-75.6,-15.3
-75.5,-15.3
-75.4,-15.3
-75.3,-15.3
-75.2,-15.3
-79.5,-15.2
-79.4,-15.2
-79.3,-15.2
-79.2,-15.2
-79.1,-15.2
-79,-15.2
-78.9,-15.2
-78.8,-15.2
-78.7,-15.2
-78.6,-15.2
-78.5,-15.2
-78.4,-15.2
-78.3,-15.2
-78.2,-15.2
-78.1,-15.2
-78,-15.2
-77.9,-15.2
-77.8,-15.2
-77.7,-15.2
-77.6,-15.2
-77.5,-15.2
-77.4,-15.2
-77.3,-15.2
-77.2,-15.2
-77.1,-15.2
-77,-15.2
-76.9,-15.2
-76.8,-15.2
-76.7,-15.2
-76.6,-15.2
-76.5,-15.2
-76.4,-15.2
-76.3,-15.2
-76.2,-15.2
-76.1,-15.2
-76,-15.2
-75.9,-15.2
-75.8,-15.2
-75.7,-15.2
-75.6,-15.2
-75.5,-15.2
-75.4,-15.2
-75.3,-15.2
-79.6,-15.1
-79.5,-15.1
-79.4,-15.1
-79.3,-15.1
-79.2,-15.1
-79.1,-15.1
-79,-15.1
-78.9,-15.1
-78.8,-15.1
-78.7,-15.1
-78.6,-15.1
-78.5,-15.1
-78.4,-15.1
-78.3,-15.1
-78.2,-15.1
-78.1,-15.1
-78,-15.1
-77.9,-15.1
-77.8,-15.1
-77.7,-15.1
-77.6,-15.1
-77.5,-15.1
-77.4,-15.1
-77.3,-15.1
-77.2,-15.1
-77.1,-15.1
-77,-15.1
-76.9,-15.1
-76.8,-15.1
-76.7,-15.1
-76.6,-15.1
-76.5,-15.1
-76.4,-15.1
-76.3,-15.1
-76.2,-15.1
-76.1,-15.1
-76,-15.1
-75.9,-15.1
-75.8,-15.1
-75.7,-15.1
-75.6,-15.1
-75.5,-15.1
-79.7,-15
-79.6,-15
-79.5,-15
-79.4,-15
-79.3,-15
-79.2,-15
-79.1,-15
-79,-15
-78.9,-15
-78.8,-15
-78.7,-15
-78.6,-15
-78.5,-15
-78.4,-15
-78.3,-15
-78.2,-15
-78.1,-15
-78,-15
-77.9,-15
-77.8,-15
-77.7,-15
-77.6,-15
-77.5,-15
-77.4,-15
-77.3,-15
-77.2,-15
-77.1,-15
-77,-15
-76.9,-15
-76.8,-15
-76.7,-15
-76.6,-15
-76.5,-15
-76.4,-15
-76.3,-15
-76.2,-15
-76.1,-15
-76,-15
-75.9,-15
-75.8,-15
-75.7,-15
-75.6,-15
-79.7,-14.9
-79.6,-14.9
-79.5,-14.9
-79.4,-14.9
-79.3,-14.9
-79.2,-14.9
-79.1,-14.9
-79,-14.9
-78.9,-14.9
-78.8,-14.9
-78.7,-14.9
-78.6,-14.9
-78.5,-14.9
-78.4,-14.9
-78.3,-14.9
-78.2,-14.9
-78.1,-14.9
-78,-14.9
-77.9,-14.9
-77.8,-14.9
-77.7,-14.9
-77.6,-14.9
-77.5,-14.9
-77.4,-14.9
-77.3,-14.9
-77.2,-14.9
-77.1,-14.9
-77,-14.9
-76.9,-14.9
-76.8,-14.9
-76.7,-14.9
-76.6,-14.9
-76.5,-14.9
-76.4,-14.9
-76.3,-14.9
-76.2,-14.9
-76.1,-14.9
-76,-14.9
-75.9,-14.9
-75.8,-14.9
-79.8,-14.8
-79.7,-14.8
-79.6,-14.8
-79.5,-14.8
-79.4,-14.8
-79.3,-14.8
-79.2,-14.8
-79.1,-14.8
-79,-14.8
-78.9,-14.8
-78.8,-14.8
-78.7,-14.8
-78.6,-14.8
-78.5,-14.8
-78.4,-14.8
-78.3,-14.8
-78.2,-14.8
-78.1,-14.8
-78,-14.8
-77.9,-14.8
-77.8,-14.8
-77.7,-14.8
-77.6,-14.8
-77.5,-14.8
-77.4,-14.8
-77.3,-14.8
-77.2,-14.8
-77.1,-14.8
-77,-14.8
-76.9,-14.8
-76.8,-14.8
-76.7,-14.8
-76.6,-14.8
-76.5,-14.8
-76.4,-14.8
-76.3,-14.8
-76.2,-14.8
-76.1,-14.8
-76,-14.8
-75.9,-14.8
-79.9,-14.7
-79.8,-14.7
-79.7,-14.7
-79.6,-14.7
-79.5,-14.7
-79.4,-14.7
-79.3,-14.7
-79.2,-14.7
-79.1,-14.7
-79,-14.7
-78.9,-14.7
-78.8,-14.7
-78.7,-14.7
-78.6,-14.7
-78.5,-14.7
-78.4,-14.7
-78.3,-14.7
-78.2,-14.7
-78.1,-14.7
-78,-14.7
-77.9,-14.7
-77.8,-14.7
-77.7,-14.7
-77.6,-14.7
-77.5,-14.7
-77.4,-14.7
-77.3,-14.7
-77.2,-14.7
-77.1,-14.7
-77,-14.7
-76.9,-14.7
-76.8,-14.7
-76.7,-14.7
-76.6,-14.7
-76.5,-14.7
-76.4,-14.7
-76.3,-14.7
-76.2,-14.7
-76.1,-14.7
-79.9,-14.6
-79.8,-14.6
-79.7,-14.6
-79.6,-14.6
-79.5,-14.6
-79.4,-14.6
-79.3,-14.6
-79.2,-14.6
-79.1,-14.6
-79,-14.6
-78.9,-14.6
-78.8,-14.6
-78.7,-14.6
-78.6,-14.6
-78.5,-14.6
-78.4,-14.6
-78.3,-14.6
-78.2,-14.6
-78.1,-14.6
-78,-14.6
-77.9,-14.6
-77.8,-14.6
-77.7,-14.6
-77.6,-14.6
-77.5,-14.6
-77.4,-14.6
-77.3,-14.6
-77.2,-14.6
-77.1,-14.6
-77,-14.6
-76.9,-14.6
-76.8,-14.6
-76.7,-14.6
-76.6,-14.6
-76.5,-14.6
-76.4,-14.6
-76.3,-14.6
-76.2,-14.6
-80,-14.5
-79.9,-14.5
-79.8,-14.5
-79.7,-14.5
-79.6,-14.5
-79.5,-14.5
-79.4,-14.5
-79.3,-14.5
-79.2,-14.5
-79.1,-14.5
-79,-14.5
-78.9,-14.5
-78.8,-14.5
-78.7,-14.5
-78.6,-14.5
-78.5,-14.5
-78.4,-14.5
-78.3,-14.5
-78.2,-14.5
-78.1,-14.5
-78,-14.5
-77.9,-14.5
-77.8,-14.5
-77.7,-14.5
-77.6,-14.5
-77.5,-14.5
-77.4,-14.5
-77.3,-14.5
-77.2,-14.5
-77.1,-14.5
-77,-14.5
-76.9,-14.5
-76.8,-14.5
-76.7,-14.5
-76.6,-14.5
-76.5,-14.5
-76.4,-14.5
-76.3,-14.5
-80.1,-14.4
-80,-14.4
-79.9,-14.4
-79.8,-14.4
-79.7,-14.4
-79.6,-14.4
-79.5,-14.4
-79.4,-14.4
-79.3,-14.4
-79.2,-14.4
-79.1,-14.4
-79,-14.4
-78.9,-14.4
-78.8,-14.4
-78.7,-14.4
-78.6,-14.4
-78.5,-14.4
-78.4,-14.4
-78.3,-14.4
-78.2,-14.4
-78.1,-14.4
-78,-14.4
-77.9,-14.4
-77.8,-14.4
-77.7,-14.4
-77.6,-14.4
-77.5,-14.4
-77.4,-14.4
-77.3,-14.4
-77.2,-14.4
-77.1,-14.4
-77,-14.4
-76.9,-14.4
-76.8,-14.4
-76.7,-14.4
-76.6,-14.4
-76.5,-14.4
-76.4,-14.4
-76.3,-14.4
-80.1,-14.3
-80,-14.3
-79.9,-14.3
-79.8,-14.3
-79.7,-14.3
-79.6,-14.3
-79.5,-14.3
-79.4,-14.3
-79.3,-14.3
-79.2,-14.3
-79.1,-14.3
-79,-14.3
-78.9,-14.3
-78.8,-14.3
-78.7,-14.3
-78.6,-14.3
-78.5,-14.3
-78.4,-14.3
-78.3,-14.3
-78.2,-14.3
-78.1,-14.3
-78,-14.3
-77.9,-14.3
-77.8,-14.3
-77.7,-14.3
-77.6,-14.3
-77.5,-14.3
-77.4,-14.3
-77.3,-14.3
-77.2,-14.3
-77.1,-14.3
-77,-14.3
-76.9,-14.3
-76.8,-14.3
-76.7,-14.3
-76.6,-14.3
-76.5,-14.3
-76.4,-14.3
-76.3,-14.3
-80.2,-14.2
-80.1,-14.2
-80,-14.2
-79.9,-14.2
-79.8,-14.2
-79.7,-14.2
-79.6,-14.2
-79.5,-14.2
-79.4,-14.2
-79.3,-14.2
-79.2,-14.2
-79.1,-14.2
-79,-14.2
-78.9,-14.2
-78.8,-14.2
-78.7,-14.2
-78.6,-14.2
-78.5,-14.2
-78.4,-14.2
-78.3,-14.2
-78.2,-14.2
-78.1,-14.2
-78,-14.2
-77.9,-14.2
-77.8,-14.2
-77.7,-14.2
-77.6,-14.2
-77.5,-14.2
-77.4,-14.2
-77.3,-14.2
-77.2,-14.2
-77.1,-14.2
-77,-14.2
-76.9,-14.2
-76.8,-14.2
-76.7,-14.2
-76.6,-14.2
-76.5,-14.2
-76.4,-14.2
-76.3,-14.2
-80.3,-14.1
-80.2,-14.1
-80.1,-14.1
-80,-14.1
-79.9,-14.1
-79.8,-14.1
-79.7,-14.1
-79.6,-14.1
-79.5,-14.1
-79.4,-14.1
-79.3,-14.1
-79.2,-14.1
-79.1,-14.1
-79,-14.1
-78.9,-14.1
-78.8,-14.1
-78.7,-14.1
-78.6,-14.1
-78.5,-14.1
-78.4,-14.1
-78.3,-14.1
-78.2,-14.1
-78.1,-14.1
-78,-14.1
-77.9,-14.1
-77.8,-14.1
-77.7,-14.1
-77.6,-14.1
-77.5,-14.1
-77.4,-14.1
-77.3,-14.1
-77.2,-14.1
-77.1,-14.1
-77,-14.1
-76.9,-14.1
-76.8,-14.1
-76.7,-14.1
-76.6,-14.1
-76.5,-14.1
-76.4,-14.1
-76.3,-14.1
-80.4,-14
-80.3,-14
-80.2,-14
-80.1,-14
-80,-14
-79.9,-14
-79.8,-14
-79.7,-14
-79.6,-14
-79.5,-14
-79.4,-14
-79.3,-14
-79.2,-14
-79.1,-14
-79,-14
-78.9,-14
-78.8,-14
-78.7,-14
-78.6,-14
-78.5,-14
-78.4,-14
-78.3,-14
-78.2,-14
-78.1,-14
-78,-14
-77.9,-14
-77.8,-14
-77.7,-14
-77.6,-14
-77.5,-14
-77.4,-14
-77.3,-14
-77.2,-14
-77.1,-14
-77,-14
-76.9,-14
-76.8,-14
-76.7,-14
-76.6,-14
-76.5,-14
-76.4,-14
-76.3,-14
-80.6,-13.9
-80.5,-13.9
-80.4,-13.9
-80.3,-13.9
-80.2,-13.9
-80.1,-13.9
-80,-13.9
-79.9,-13.9
-79.8,-13.9
-79.7,-13.9
-79.6,-13.9
-79.5,-13.9
-79.4,-13.9
-79.3,-13.9
-79.2,-13.9
-79.1,-13.9
-79,-13.9
-78.9,-13.9
-78.8,-13.9
-78.7,-13.9
-78.6,-13.9
-78.5,-13.9
-78.4,-13.9
-78.3,-13.9
-78.2,-13.9
-78.1,-13.9
-78,-13.9
-77.9,-13.9
-77.8,-13.9
-77.7,-13.9
-77.6,-13.9
-77.5,-13.9
-77.4,-13.9
-77.3,-13.9
-77.2,-13.9
-77.1,-13.9
-77,-13.9
-76.9,-13.9
-76.8,-13.9
-76.7,-13.9
-76.6,-13.9
-76.5,-13.9
-76.4,-13.9
-76.3,-13.9
-80.7,-13.8
-80.6,-13.8
-80.5,-13.8
-80.4,-13.8
-80.3,-13.8
-80.2,-13.8
-80.1,-13.8
-80,-13.8
-79.9,-13.8
-79.8,-13.8
-79.7,-13.8
-79.6,-13.8
-79.5,-13.8
-79.4,-13.8
-79.3,-13.8
-79.2,-13.8
-79.1,-13.8
-79,-13.8
-78.9,-13.8
-78.8,-13.8
-78.7,-13.8
-78.6,-13.8
-78.5,-13.8
-78.4,-13.8
-78.3,-13.8
-78.2,-13.8
-78.1,-13.8
-78,-13.8
-77.9,-13.8
-77.8,-13.8
-77.7,-13.8
-77.6,-13.8
-77.5,-13.8
-77.4,-13.8
-77.3,-13.8
-77.2,-13.8
-77.1,-13.8
-77,-13.8
-76.9,-13.8
-76.8,-13.8
-76.7,-13.8
-76.6,-13.8
-76.5,-13.8
-76.4,-13.8
-76.3,-13.8
-80.8,-13.7
-80.7,-13.7
-80.6,-13.7
-80.5,-13.7
-80.4,-13.7
-80.3,-13.7
-80.2,-13.7
-80.1,-13.7
-80,-13.7
-79.9,-13.7
-79.8,-13.7
-79.7,-13.7
-79.6,-13.7
-79.5,-13.7
-79.4,-13.7
-79.3,-13.7
-79.2,-13.7
-79.1,-13.7
-79,-13.7
-78.9,-13.7
-78.8,-13.7
-78.7,-13.7
-78.6,-13.7
-78.5,-13.7
-78.4,-13.7
-78.3,-13.7
-78.2,-13.7
-78.1,-13.7
-78,-13.7
-77.9,-13.7
-77.8,-13.7
-77.7,-13.7
-77.6,-13.7
-77.5,-13.7
-77.4,-13.7
-77.3,-13.7
-77.2,-13.7
-77.1,-13.7
-77,-13.7
-76.9,-13.7
-76.8,-13.7
-76.7,-13.7
-76.6,-13.7
-76.5,-13.7
-76.4,-13.7
-76.3,-13.7
-81,-13.6
-80.9,-13.6
-80.8,-13.6
-80.7,-13.6
-80.6,-13.6
-80.5,-13.6
-80.4,-13.6
-80.3,-13.6
-80.2,-13.6
-80.1,-13.6
-80,-13.6
-79.9,-13.6
-79.8,-13.6
-79.7,-13.6
-79.6,-13.6
-79.5,-13.6
-79.4,-13.6
-79.3,-13.6
-79.2,-13.6
-79.1,-13.6
-79,-13.6
-78.9,-13.6
-78.8,-13.6
-78.7,-13.6
-78.6,-13.6
-78.5,-13.6
-78.4,-13.6
-78.3,-13.6
-78.2,-13.6
-78.1,-13.6
-78,-13.6
-77.9,-13.6
-77.8,-13.6
-77.7,-13.6
-77.6,-13.6
-77.5,-13.6
-77.4,-13.6
-77.3,-13.6
-77.2,-13.6
-77.1,-13.6
-77,-13.6
-76.9,-13.6
-76.8,-13.6
-76.7,-13.6
-76.6,-13.6
-76.5,-13.6
-76.4,-13.6
-76.3,-13.6
-81.1,-13.5
-81,-13.5
-80.9,-13.5
-80.8,-13.5
-80.7,-13.5
-80.6,-13.5
-80.5,-13.5
-80.4,-13.5
-80.3,-13.5
-80.2,-13.5
-80.1,-13.5
-80,-13.5
-79.9,-13.5
-79.8,-13.5
-79.7,-13.5
-79.6,-13.5
-79.5,-13.5
-79.4,-13.5
-79.3,-13.5
-79.2,-13.5
-79.1,-13.5
-79,-13.5
-78.9,-13.5
-78.8,-13.5
-78.7,-13.5
-78.6,-13.5
-78.5,-13.5
-78.4,-13.5
-78.3,-13.5
-78.2,-13.5
-78.1,-13.5
-78,-13.5
-77.9,-13.5
-77.8,-13.5
-77.7,-13.5
-77.6,-13.5
-77.5,-13.5
-77.4,-13.5
-77.3,-13.5
-77.2,-13.5
-77.1,-13.5
-77,-13.5
-76.9,-13.5
-76.8,-13.5
-76.7,-13.5
-76.6,-13.5
-76.5,-13.5
-76.4,-13.5
-76.3,-13.5
-81.2,-13.4
-81.1,-13.4
-81,-13.4
-80.9,-13.4
-80.8,-13.4
-80.7,-13.4
-80.6,-13.4
-80.5,-13.4
-80.4,-13.4
-80.3,-13.4
-80.2,-13.4
-80.1,-13.4
-80,-13.4
-79.9,-13.4
-79.8,-13.4
-79.7,-13.4
-79.6,-13.4
-79.5,-13.4
-79.4,-13.4
-79.3,-13.4
-79.2,-13.4
-79.1,-13.4
-79,-13.4
-78.9,-13.4
-78.8,-13.4
-78.7,-13.4
-78.6,-13.4
-78.5,-13.4
-78.4,-13.4
-78.3,-13.4
-78.2,-13.4
-78.1,-13.4
-78,-13.4
-77.9,-13.4
-77.8,-13.4
-77.7,-13.4
-77.6,-13.4
-77.5,-13.4
-77.4,-13.4
-77.3,-13.4
-77.2,-13.4
-77.1,-13.4
-77,-13.4
-76.9,-13.4
-76.8,-13.4
-76.7,-13.4
-76.6,-13.4
-76.5,-13.4
-76.4,-13.4
-76.3,-13.4
-81.4,-13.3
-81.3,-13.3
-81.2,-13.3
-81.1,-13.3
-81,-13.3
-80.9,-13.3
-80.8,-13.3
-80.7,-13.3
-80.6,-13.3
-80.5,-13.3
-80.4,-13.3
-80.3,-13.3
-80.2,-13.3
-80.1,-13.3
-80,-13.3
-79.9,-13.3
-79.8,-13.3
-79.7,-13.3
-79.6,-13.3
-79.5,-13.3
-79.4,-13.3
-79.3,-13.3
-79.2,-13.3
-79.1,-13.3
-79,-13.3
-78.9,-13.3
-78.8,-13.3
-78.7,-13.3
-78.6,-13.3
-78.5,-13.3
-78.4,-13.3
-78.3,-13.3
-78.2,-13.3
-78.1,-13.3
-78,-13.3
-77.9,-13.3
-77.8,-13.3
-77.7,-13.3
-77.6,-13.3
-77.5,-13.3
-77.4,-13.3
-77.3,-13.3
-77.2,-13.3
-77.1,-13.3
-77,-13.3
-76.9,-13.3
-76.8,-13.3
-76.7,-13.3
-76.6,-13.3
-76.5,-13.3
-76.4,-13.3
-76.3,-13.3
-81.5,-13.2
-81.4,-13.2
-81.3,-13.2
-81.2,-13.2
-81.1,-13.2
-81,-13.2
-80.9,-13.2
-80.8,-13.2
-80.7,-13.2
-80.6,-13.2
-80.5,-13.2
-80.4,-13.2
-80.3,-13.2
-80.2,-13.2
-80.1,-13.2
-80,-13.2
-79.9,-13.2
-79.8,-13.2
-79.7,-13.2
-79.6,-13.2
-79.5,-13.2
-79.4,-13.2
-79.3,-13.2
-79.2,-13.2
-79.1,-13.2
-79,-13.2
-78.9,-13.2
-78.8,-13.2
-78.7,-13.2
-78.6,-13.2
-78.5,-13.2
-78.4,-13.2
-78.3,-13.2
-78.2,-13.2
-78.1,-13.2
-78,-13.2
-77.9,-13.2
-77.8,-13.2
-77.7,-13.2
-77.6,-13.2
-77.5,-13.2
-77.4,-13.2
-77.3,-13.2
-77.2,-13.2
-77.1,-13.2
-77,-13.2
-76.9,-13.2
-76.8,-13.2
-76.7,-13.2
-76.6,-13.2
-76.5,-13.2
-76.4,-13.2
-81.6,-13.1
-81.5,-13.1
-81.4,-13.1
-81.3,-13.1
-81.2,-13.1
-81.1,-13.1
-81,-13.1
-80.9,-13.1
-80.8,-13.1
-80.7,-13.1
-80.6,-13.1
-80.5,-13.1
-80.4,-13.1
-80.3,-13.1
-80.2,-13.1
-80.1,-13.1
-80,-13.1
-79.9,-13.1
-79.8,-13.1
-79.7,-13.1
-79.6,-13.1
-79.5,-13.1
-79.4,-13.1
-79.3,-13.1
-79.2,-13.1
-79.1,-13.1
-79,-13.1
-78.9,-13.1
-78.8,-13.1
-78.7,-13.1
-78.6,-13.1
-78.5,-13.1
-78.4,-13.1
-78.3,-13.1
-78.2,-13.1
-78.1,-13.1
-78,-13.1
-77.9,-13.1
-77.8,-13.1
-77.7,-13.1
-77.6,-13.1
-77.5,-13.1
-77.4,-13.1
-77.3,-13.1
-77.2,-13.1
-77.1,-13.1
-77,-13.1
-76.9,-13.1
-76.8,-13.1
-76.7,-13.1
-76.6,-13.1
-76.5,-13.1
-76.4,-13.1
-81.8,-13
-81.7,-13
-81.6,-13
-81.5,-13
-81.4,-13
-81.3,-13
-81.2,-13
-81.1,-13
-81,-13
-80.9,-13
-80.8,-13
-80.7,-13
-80.6,-13
-80.5,-13
-80.4,-13
-80.3,-13
-80.2,-13
-80.1,-13
-80,-13
-79.9,-13
-79.8,-13
-79.7,-13
-79.6,-13
-79.5,-13
-79.4,-13
-79.3,-13
-79.2,-13
-79.1,-13
-79,-13
-78.9,-13
-78.8,-13
-78.7,-13
-78.6,-13
-78.5,-13
-78.4,-13
-78.3,-13
-78.2,-13
-78.1,-13
-78,-13
-77.9,-13
-77.8,-13
-77.7,-13
-77.6,-13
-77.5,-13
-77.4,-13
-77.3,-13
-77.2,-13
-77.1,-13
-77,-13
-76.9,-13
-76.8,-13
-76.7,-13
-76.6,-13
-76.5,-13
-76.4,-13
-81.9,-12.9
-81.8,-12.9
-81.7,-12.9
-81.6,-12.9
-81.5,-12.9
-81.4,-12.9
-81.3,-12.9
-81.2,-12.9
-81.1,-12.9
-81,-12.9
-80.9,-12.9
-80.8,-12.9
-80.7,-12.9
-80.6,-12.9
-80.5,-12.9
-80.4,-12.9
-80.3,-12.9
-80.2,-12.9
-80.1,-12.9
-80,-12.9
-79.9,-12.9
-79.8,-12.9
-79.7,-12.9
-79.6,-12.9
-79.5,-12.9
-79.4,-12.9
-79.3,-12.9
-79.2,-12.9
-79.1,-12.9
-79,-12.9
-78.9,-12.9
-78.8,-12.9
-78.7,-12.9
-78.6,-12.9
-78.5,-12.9
-78.4,-12.9
-78.3,-12.9
-78.2,-12.9
-78.1,-12.9
-78,-12.9
-77.9,-12.9
-77.8,-12.9
-77.7,-12.9
-77.6,-12.9
-77.5,-12.9
-77.4,-12.9
-77.3,-12.9
-77.2,-12.9
-77.1,-12.9
-77,-12.9
-76.9,-12.9
-76.8,-12.9
-76.7,-12.9
-76.6,-12.9
-76.5,-12.9
-82,-12.8
-81.9,-12.8
-81.8,-12.8
-81.7,-12.8
-81.6,-12.8
-81.5,-12.8
-81.4,-12.8
-81.3,-12.8
-81.2,-12.8
-81.1,-12.8
-81,-12.8
-80.9,-12.8
-80.8,-12.8
-80.7,-12.8
-80.6,-12.8
-80.5,-12.8
-80.4,-12.8
-80.3,-12.8
-80.2,-12.8
-80.1,-12.8
-80,-12.8
-79.9,-12.8
-79.8,-12.8
-79.7,-12.8
-79.6,-12.8
-79.5,-12.8
-79.4,-12.8
-79.3,-12.8
-79.2,-12.8
-79.1,-12.8
-79,-12.8
-78.9,-12.8
-78.8,-12.8
-78.7,-12.8
-78.6,-12.8
-78.5,-12.8
-78.4,-12.8
-78.3,-12.8
-78.2,-12.8
-78.1,-12.8
-78,-12.8
-77.9,-12.8
-77.8,-12.8
-77.7,-12.8
-77.6,-12.8
-77.5,-12.8
-77.4,-12.8
-77.3,-12.8
-77.2,-12.8
-77.1,-12.8
-77,-12.8
-76.9,-12.8
-76.8,-12.8
-76.7,-12.8
-76.6,-12.8
-76.5,-12.8
-82.2,-12.7
-82.1,-12.7
-82,-12.7
-81.9,-12.7
-81.8,-12.7
-81.7,-12.7
-81.6,-12.7
-81.5,-12.7
-81.4,-12.7
-81.3,-12.7
-81.2,-12.7
-81.1,-12.7
-81,-12.7
-80.9,-12.7
-80.8,-12.7
-80.7,-12.7
-80.6,-12.7
-80.5,-12.7
-80.4,-12.7
-80.3,-12.7
-80.2,-12.7
-80.1,-12.7
-80,-12.7
-79.9,-12.7
-79.8,-12.7
-79.7,-12.7
-79.6,-12.7
-79.5,-12.7
-79.4,-12.7
-79.3,-12.7
-79.2,-12.7
-79.1,-12.7
-79,-12.7
-78.9,-12.7
-78.8,-12.7
-78.7,-12.7
-78.6,-12.7
-78.5,-12.7
-78.4,-12.7
-78.3,-12.7
-78.2,-12.7
-78.1,-12.7
-78,-12.7
-77.9,-12.7
-77.8,-12.7
-77.7,-12.7
-77.6,-12.7
-77.5,-12.7
-77.4,-12.7
-77.3,-12.7
-77.2,-12.7
-77.1,-12.7
-77,-12.7
-76.9,-12.7
-76.8,-12.7
-76.7,-12.7
-76.6,-12.7
-82.3,-12.6
-82.2,-12.6
-82.1,-12.6
-82,-12.6
-81.9,-12.6
-81.8,-12.6
-81.7,-12.6
-81.6,-12.6
-81.5,-12.6
-81.4,-12.6
-81.3,-12.6
-81.2,-12.6
-81.1,-12.6
-81,-12.6
-80.9,-12.6
-80.8,-12.6
-80.7,-12.6
-80.6,-12.6
-80.5,-12.6
-80.4,-12.6
-80.3,-12.6
-80.2,-12.6
-80.1,-12.6
-80,-12.6
-79.9,-12.6
-79.8,-12.6
-79.7,-12.6
-79.6,-12.6
-79.5,-12.6
-79.4,-12.6
-79.3,-12.6
-79.2,-12.6
-79.1,-12.6
-79,-12.6
-78.9,-12.6
-78.8,-12.6
-78.7,-12.6
-78.6,-12.6
-78.5,-12.6
-78.4,-12.6
-78.3,-12.6
-78.2,-12.6
-78.1,-12.6
-78,-12.6
-77.9,-12.6
-77.8,-12.6
-77.7,-12.6
-77.6,-12.6
-77.5,-12.6
-77.4,-12.6
-77.3,-12.6
-77.2,-12.6
-77.1,-12.6
-77,-12.6
-76.9,-12.6
-76.8,-12.6
-76.7,-12.6
-76.6,-12.6
-82.4,-12.5
-82.3,-12.5
-82.2,-12.5
-82.1,-12.5
-82,-12.5
-81.9,-12.5
-81.8,-12.5
-81.7,-12.5
-81.6,-12.5
-81.5,-12.5
-81.4,-12.5
-81.3,-12.5
-81.2,-12.5
-81.1,-12.5
-81,-12.5
-80.9,-12.5
-80.8,-12.5
-80.7,-12.5
-80.6,-12.5
-80.5,-12.5
-80.4,-12.5
-80.3,-12.5
-80.2,-12.5
-80.1,-12.5
-80,-12.5
-79.9,-12.5
-79.8,-12.5
-79.7,-12.5
-79.6,-12.5
-79.5,-12.5
-79.4,-12.5
-79.3,-12.5
-79.2,-12.5
-79.1,-12.5
-79,-12.5
-78.9,-12.5
-78.8,-12.5
-78.7,-12.5
-78.6,-12.5
-78.5,-12.5
-78.4,-12.5
-78.3,-12.5
-78.2,-12.5
-78.1,-12.5
-78,-12.5
-77.9,-12.5
-77.8,-12.5
-77.7,-12.5
-77.6,-12.5
-77.5,-12.5
-77.4,-12.5
-77.3,-12.5
-77.2,-12.5
-77.1,-12.5
-77,-12.5
-76.9,-12.5
-76.8,-12.5
-76.7,-12.5
-82.5,-12.4
-82.4,-12.4
-82.3,-12.4
-82.2,-12.4
-82.1,-12.4
-82,-12.4
-81.9,-12.4
-81.8,-12.4
-81.7,-12.4
-81.6,-12.4
-81.5,-12.4
-81.4,-12.4
-81.3,-12.4
-81.2,-12.4
-81.1,-12.4
-81,-12.4
-80.9,-12.4
-80.8,-12.4
-80.7,-12.4
-80.6,-12.4
-80.5,-12.4
-80.4,-12.4
-80.3,-12.4
-80.2,-12.4
-80.1,-12.4
-80,-12.4
-79.9,-12.4
-79.8,-12.4
-79.7,-12.4
-79.6,-12.4
-79.5,-12.4
-79.4,-12.4
-79.3,-12.4
-79.2,-12.4
-79.1,-12.4
-79,-12.4
-78.9,-12.4
-78.8,-12.4
-78.7,-12.4
-78.6,-12.4
-78.5,-12.4
-78.4,-12.4
-78.3,-12.4
-78.2,-12.4
-78.1,-12.4
-78,-12.4
-77.9,-12.4
-77.8,-12.4
-77.7,-12.4
-77.6,-12.4
-77.5,-12.4
-77.4,-12.4
-77.3,-12.4
-77.2,-12.4
-77.1,-12.4
-77,-12.4
-76.9,-12.4
-76.8,-12.4
-76.7,-12.4
-82.6,-12.3
-82.5,-12.3
-82.4,-12.3
-82.3,-12.3
-82.2,-12.3
-82.1,-12.3
-82,-12.3
-81.9,-12.3
-81.8,-12.3
-81.7,-12.3
-81.6,-12.3
-81.5,-12.3
-81.4,-12.3
-81.3,-12.3
-81.2,-12.3
-81.1,-12.3
-81,-12.3
-80.9,-12.3
-80.8,-12.3
-80.7,-12.3
-80.6,-12.3
-80.5,-12.3
-80.4,-12.3
-80.3,-12.3
-80.2,-12.3
-80.1,-12.3
-80,-12.3
-79.9,-12.3
-79.8,-12.3
-79.7,-12.3
-79.6,-12.3
-79.5,-12.3
-79.4,-12.3
-79.3,-12.3
-79.2,-12.3
-79.1,-12.3
-79,-12.3
-78.9,-12.3
-78.8,-12.3
-78.7,-12.3
-78.6,-12.3
-78.5,-12.3
-78.4,-12.3
-78.3,-12.3
-78.2,-12.3
-78.1,-12.3
-78,-12.3
-77.9,-12.3
-77.8,-12.3
-77.7,-12.3
-77.6,-12.3
-77.5,-12.3
-77.4,-12.3
-77.3,-12.3
-77.2,-12.3
-77.1,-12.3
-77,-12.3
-76.9,-12.3
-76.8,-12.3
-82.6,-12.2
-82.5,-12.2
-82.4,-12.2
-82.3,-12.2
-82.2,-12.2
-82.1,-12.2
-82,-12.2
-81.9,-12.2
-81.8,-12.2
-81.7,-12.2
-81.6,-12.2
-81.5,-12.2
-81.4,-12.2
-81.3,-12.2
-81.2,-12.2
-81.1,-12.2
-81,-12.2
-80.9,-12.2
-80.8,-12.2
-80.7,-12.2
-80.6,-12.2
-80.5,-12.2
-80.4,-12.2
-80.3,-12.2
-80.2,-12.2
-80.1,-12.2
-80,-12.2
-79.9,-12.2
-79.8,-12.2
-79.7,-12.2
-79.6,-12.2
-79.5,-12.2
-79.4,-12.2
-79.3,-12.2
-79.2,-12.2
-79.1,-12.2
-79,-12.2
-78.9,-12.2
-78.8,-12.2
-78.7,-12.2
-78.6,-12.2
-78.5,-12.2
-78.4,-12.2
-78.3,-12.2
-78.2,-12.2
-78.1,-12.2
-78,-12.2
-77.9,-12.2
-77.8,-12.2
-77.7,-12.2
-77.6,-12.2
-77.5,-12.2
-77.4,-12.2
-77.3,-12.2
-77.2,-12.2
-77.1,-12.2
-77,-12.2
-76.9,-12.2
-76.8,-12.2
-82.7,-12.1
-82.6,-12.1
-82.5,-12.1
-82.4,-12.1
-82.3,-12.1
-82.2,-12.1
-82.1,-12.1
-82,-12.1
-81.9,-12.1
-81.8,-12.1
-81.7,-12.1
-81.6,-12.1
-81.5,-12.1
-81.4,-12.1
-81.3,-12.1
-81.2,-12.1
-81.1,-12.1
-81,-12.1
-80.9,-12.1
-80.8,-12.1
-80.7,-12.1
-80.6,-12.1
-80.5,-12.1
-80.4,-12.1
-80.3,-12.1
-80.2,-12.1
-80.1,-12.1
-80,-12.1
-79.9,-12.1
-79.8,-12.1
-79.7,-12.1
-79.6,-12.1
-79.5,-12.1
-79.4,-12.1
-79.3,-12.1
-79.2,-12.1
-79.1,-12.1
-79,-12.1
-78.9,-12.1
-78.8,-12.1
-78.7,-12.1
-78.6,-12.1
-78.5,-12.1
-78.4,-12.1
-78.3,-12.1
-78.2,-12.1
-78.1,-12.1
-78,-12.1
-77.9,-12.1
-77.8,-12.1
-77.7,-12.1
-77.6,-12.1
-77.5,-12.1
-77.4,-12.1
-77.3,-12.1
-77.2,-12.1
-77.1,-12.1
-77,-12.1
-76.9,-12.1
-82.7,-12
-82.6,-12
-82.5,-12
-82.4,-12
-82.3,-12
-82.2,-12
-82.1,-12
-82,-12
-81.9,-12
-81.8,-12
-81.7,-12
-81.6,-12
-81.5,-12
-81.4,-12
-81.3,-12
-81.2,-12
-81.1,-12
-81,-12
-80.9,-12
-80.8,-12
-80.7,-12
-80.6,-12
-80.5,-12
-80.4,-12
-80.3,-12
-80.2,-12
-80.1,-12
-80,-12
-79.9,-12
-79.8,-12
-79.7,-12
-79.6,-12
-79.5,-12
-79.4,-12
-79.3,-12
-79.2,-12
-79.1,-12
-79,-12
-78.9,-12
-78.8,-12
-78.7,-12
-78.6,-12
-78.5,-12
-78.4,-12
-78.3,-12
-78.2,-12
-78.1,-12
-78,-12
-77.9,-12
-77.8,-12
-77.7,-12
-77.6,-12
-77.5,-12
-77.4,-12
-77.3,-12
-77.2,-12
-77.1,-12
-77,-12
-76.9,-12
-82.8,-11.9
-82.7,-11.9
-82.6,-11.9
-82.5,-11.9
-82.4,-11.9
-82.3,-11.9
-82.2,-11.9
-82.1,-11.9
-82,-11.9
-81.9,-11.9
-81.8,-11.9
-81.7,-11.9
-81.6,-11.9
-81.5,-11.9
-81.4,-11.9
-81.3,-11.9
-81.2,-11.9
-81.1,-11.9
-81,-11.9
-80.9,-11.9
-80.8,-11.9
-80.7,-11.9
-80.6,-11.9
-80.5,-11.9
-80.4,-11.9
-80.3,-11.9
-80.2,-11.9
-80.1,-11.9
-80,-11.9
-79.9,-11.9
-79.8,-11.9
-79.7,-11.9
-79.6,-11.9
-79.5,-11.9
-79.4,-11.9
-79.3,-11.9
-79.2,-11.9
-79.1,-11.9
-79,-11.9
-78.9,-11.9
-78.8,-11.9
-78.7,-11.9
-78.6,-11.9
-78.5,-11.9
-78.4,-11.9
-78.3,-11.9
-78.2,-11.9
-78.1,-11.9
-78,-11.9
-77.9,-11.9
-77.8,-11.9
-77.7,-11.9
-77.6,-11.9
-77.5,-11.9
-77.4,-11.9
-77.3,-11.9
-77.2,-11.9
-77.1,-11.9
-77,-11.9
-82.9,-11.8
-82.8,-11.8
-82.7,-11.8
-82.6,-11.8
-82.5,-11.8
-82.4,-11.8
-82.3,-11.8
-82.2,-11.8
-82.1,-11.8
-82,-11.8
-81.9,-11.8
-81.8,-11.8
-81.7,-11.8
-81.6,-11.8
-81.5,-11.8
-81.4,-11.8
-81.3,-11.8
-81.2,-11.8
-81.1,-11.8
-81,-11.8
-80.9,-11.8
-80.8,-11.8
-80.7,-11.8
-80.6,-11.8
-80.5,-11.8
-80.4,-11.8
-80.3,-11.8
-80.2,-11.8
-80.1,-11.8
-80,-11.8
-79.9,-11.8
-79.8,-11.8
-79.7,-11.8
-79.6,-11.8
-79.5,-11.8
-79.4,-11.8
-79.3,-11.8
-79.2,-11.8
-79.1,-11.8
-79,-11.8
-78.9,-11.8
-78.8,-11.8
-78.7,-11.8
-78.6,-11.8
-78.5,-11.8
-78.4,-11.8
-78.3,-11.8
-78.2,-11.8
-78.1,-11.8
-78,-11.8
-77.9,-11.8
-77.8,-11.8
-77.7,-11.8
-77.6,-11.8
-77.5,-11.8
-77.4,-11.8
-77.3,-11.8
-77.2,-11.8
-77.1,-11.8
-82.9,-11.7
-82.8,-11.7
-82.7,-11.7
-82.6,-11.7
-82.5,-11.7
-82.4,-11.7
-82.3,-11.7
-82.2,-11.7
-82.1,-11.7
-82,-11.7
-81.9,-11.7
-81.8,-11.7
-81.7,-11.7
-81.6,-11.7
-81.5,-11.7
-81.4,-11.7
-81.3,-11.7
-81.2,-11.7
-81.1,-11.7
-81,-11.7
-80.9,-11.7
-80.8,-11.7
-80.7,-11.7
-80.6,-11.7
-80.5,-11.7
-80.4,-11.7
-80.3,-11.7
-80.2,-11.7
-80.1,-11.7
-80,-11.7
-79.9,-11.7
-79.8,-11.7
-79.7,-11.7
-79.6,-11.7
-79.5,-11.7
-79.4,-11.7
-79.3,-11.7
-79.2,-11.7
-79.1,-11.7
-79,-11.7
-78.9,-11.7
-78.8,-11.7
-78.7,-11.7
-78.6,-11.7
-78.5,-11.7
-78.4,-11.7
-78.3,-11.7
-78.2,-11.7
-78.1,-11.7
-78,-11.7
-77.9,-11.7
-77.8,-11.7
-77.7,-11.7
-77.6,-11.7
-77.5,-11.7
-77.4,-11.7
-77.3,-11.7
-77.2,-11.7
-77.1,-11.7
-83,-11.6
-82.9,-11.6
-82.8,-11.6
-82.7,-11.6
-82.6,-11.6
-82.5,-11.6
-82.4,-11.6
-82.3,-11.6
-82.2,-11.6
-82.1,-11.6
-82,-11.6
-81.9,-11.6
-81.8,-11.6
-81.7,-11.6
-81.6,-11.6
-81.5,-11.6
-81.4,-11.6
-81.3,-11.6
-81.2,-11.6
-81.1,-11.6
-81,-11.6
-80.9,-11.6
-80.8,-11.6
-80.7,-11.6
-80.6,-11.6
-80.5,-11.6
-80.4,-11.6
-80.3,-11.6
-80.2,-11.6
-80.1,-11.6
-80,-11.6
-79.9,-11.6
-79.8,-11.6
-79.7,-11.6
-79.6,-11.6
-79.5,-11.6
-79.4,-11.6
-79.3,-11.6
-79.2,-11.6
-79.1,-11.6
-79,-11.6
-78.9,-11.6
-78.8,-11.6
-78.7,-11.6
-78.6,-11.6
-78.5,-11.6
-78.4,-11.6
-78.3,-11.6
-78.2,-11.6
-78.1,-11.6
-78,-11.6
-77.9,-11.6
-77.8,-11.6
-77.7,-11.6
-77.6,-11.6
-77.5,-11.6
-77.4,-11.6
-77.3,-11.6
-77.2,-11.6
-83,-11.5
-82.9,-11.5
-82.8,-11.5
-82.7,-11.5
-82.6,-11.5
-82.5,-11.5
-82.4,-11.5
-82.3,-11.5
-82.2,-11.5
-82.1,-11.5
-82,-11.5
-81.9,-11.5
-81.8,-11.5
-81.7,-11.5
-81.6,-11.5
-81.5,-11.5
-81.4,-11.5
-81.3,-11.5
-81.2,-11.5
-81.1,-11.5
-81,-11.5
-80.9,-11.5
-80.8,-11.5
-80.7,-11.5
-80.6,-11.5
-80.5,-11.5
-80.4,-11.5
-80.3,-11.5
-80.2,-11.5
-80.1,-11.5
-80,-11.5
-79.9,-11.5
-79.8,-11.5
-79.7,-11.5
-79.6,-11.5
-79.5,-11.5
-79.4,-11.5
-79.3,-11.5
-79.2,-11.5
-79.1,-11.5
-79,-11.5
-78.9,-11.5
-78.8,-11.5
-78.7,-11.5
-78.6,-11.5
-78.5,-11.5
-78.4,-11.5
-78.3,-11.5
-78.2,-11.5
-78.1,-11.5
-78,-11.5
-77.9,-11.5
-77.8,-11.5
-77.7,-11.5
-77.6,-11.5
-77.5,-11.5
-77.4,-11.5
-77.3,-11.5
-83.1,-11.4
-83,-11.4
-82.9,-11.4
-82.8,-11.4
-82.7,-11.4
-82.6,-11.4
-82.5,-11.4
-82.4,-11.4
-82.3,-11.4
-82.2,-11.4
-82.1,-11.4
-82,-11.4
-81.9,-11.4
-81.8,-11.4
-81.7,-11.4
-81.6,-11.4
-81.5,-11.4
-81.4,-11.4
-81.3,-11.4
-81.2,-11.4
-81.1,-11.4
-81,-11.4
-80.9,-11.4
-80.8,-11.4
-80.7,-11.4
-80.6,-11.4
-80.5,-11.4
-80.4,-11.4
-80.3,-11.4
-80.2,-11.4
-80.1,-11.4
-80,-11.4
-79.9,-11.4
-79.8,-11.4
-79.7,-11.4
-79.6,-11.4
-79.5,-11.4
-79.4,-11.4
-79.3,-11.4
-79.2,-11.4
-79.1,-11.4
-79,-11.4
-78.9,-11.4
-78.8,-11.4
-78.7,-11.4
-78.6,-11.4
-78.5,-11.4
-78.4,-11.4
-78.3,-11.4
-78.2,-11.4
-78.1,-11.4
-78,-11.4
-77.9,-11.4
-77.8,-11.4
-77.7,-11.4
-77.6,-11.4
-77.5,-11.4
-77.4,-11.4
-83.1,-11.3
-83,-11.3
-82.9,-11.3
-82.8,-11.3
-82.7,-11.3
-82.6,-11.3
-82.5,-11.3
-82.4,-11.3
-82.3,-11.3
-82.2,-11.3
-82.1,-11.3
-82,-11.3
-81.9,-11.3
-81.8,-11.3
-81.7,-11.3
-81.6,-11.3
-81.5,-11.3
-81.4,-11.3
-81.3,-11.3
-81.2,-11.3
-81.1,-11.3
-81,-11.3
-80.9,-11.3
-80.8,-11.3
-80.7,-11.3
-80.6,-11.3
-80.5,-11.3
-80.4,-11.3
-80.3,-11.3
-80.2,-11.3
-80.1,-11.3
-80,-11.3
-79.9,-11.3
-79.8,-11.3
-79.7,-11.3
-79.6,-11.3
-79.5,-11.3
-79.4,-11.3
-79.3,-11.3
-79.2,-11.3
-79.1,-11.3
-79,-11.3
-78.9,-11.3
-78.8,-11.3
-78.7,-11.3
-78.6,-11.3
-78.5,-11.3
-78.4,-11.3
-78.3,-11.3
-78.2,-11.3
-78.1,-11.3
-78,-11.3
-77.9,-11.3
-77.8,-11.3
-77.7,-11.3
-77.6,-11.3
-77.5,-11.3
-83.2,-11.2
-83.1,-11.2
-83,-11.2
-82.9,-11.2
-82.8,-11.2
-82.7,-11.2
-82.6,-11.2
-82.5,-11.2
-82.4,-11.2
-82.3,-11.2
-82.2,-11.2
-82.1,-11.2
-82,-11.2
-81.9,-11.2
-81.8,-11.2
-81.7,-11.2
-81.6,-11.2
-81.5,-11.2
-81.4,-11.2
-81.3,-11.2
-81.2,-11.2
-81.1,-11.2
-81,-11.2
-80.9,-11.2
-80.8,-11.2
-80.7,-11.2
-80.6,-11.2
-80.5,-11.2
-80.4,-11.2
-80.3,-11.2
-80.2,-11.2
-80.1,-11.2
-80,-11.2
-79.9,-11.2
-79.8,-11.2
-79.7,-11.2
-79.6,-11.2
-79.5,-11.2
-79.4,-11.2
-79.3,-11.2
-79.2,-11.2
-79.1,-11.2
-79,-11.2
-78.9,-11.2
-78.8,-11.2
-78.7,-11.2
-78.6,-11.2
-78.5,-11.2
-78.4,-11.2
-78.3,-11.2
-78.2,-11.2
-78.1,-11.2
-78,-11.2
-77.9,-11.2
-77.8,-11.2
-77.7,-11.2
-77.6,-11.2
-83.2,-11.1
-83.1,-11.1
-83,-11.1
-82.9,-11.1
-82.8,-11.1
-82.7,-11.1
-82.6,-11.1
-82.5,-11.1
-82.4,-11.1
-82.3,-11.1
-82.2,-11.1
-82.1,-11.1
-82,-11.1
-81.9,-11.1
-81.8,-11.1
-81.7,-11.1
-81.6,-11.1
-81.5,-11.1
-81.4,-11.1
-81.3,-11.1
-81.2,-11.1
-81.1,-11.1
-81,-11.1
-80.9,-11.1
-80.8,-11.1
-80.7,-11.1
-80.6,-11.1
-80.5,-11.1
-80.4,-11.1
-80.3,-11.1
-80.2,-11.1
-80.1,-11.1
-80,-11.1
-79.9,-11.1
-79.8,-11.1
-79.7,-11.1
-79.6,-11.1
-79.5,-11.1
-79.4,-11.1
-79.3,-11.1
-79.2,-11.1
-79.1,-11.1
-79,-11.1
-78.9,-11.1
-78.8,-11.1
-78.7,-11.1
-78.6,-11.1
-78.5,-11.1
-78.4,-11.1
-78.3,-11.1
-78.2,-11.1
-78.1,-11.1
-78,-11.1
-77.9,-11.1
-77.8,-11.1
-77.7,-11.1
-83.3,-11
-83.2,-11
-83.1,-11
-83,-11
-82.9,-11
-82.8,-11
-82.7,-11
-82.6,-11
-82.5,-11
-82.4,-11
-82.3,-11
-82.2,-11
-82.1,-11
-82,-11
-81.9,-11
-81.8,-11
-81.7,-11
-81.6,-11
-81.5,-11
-81.4,-11
-81.3,-11
-81.2,-11
-81.1,-11
-81,-11
-80.9,-11
-80.8,-11
-80.7,-11
-80.6,-11
-80.5,-11
-80.4,-11
-80.3,-11
-80.2,-11
-80.1,-11
-80,-11
-79.9,-11
-79.8,-11
-79.7,-11
-79.6,-11
-79.5,-11
-79.4,-11
-79.3,-11
-79.2,-11
-79.1,-11
-79,-11
-78.9,-11
-78.8,-11
-78.7,-11
-78.6,-11
-78.5,-11
-78.4,-11
-78.3,-11
-78.2,-11
-78.1,-11
-78,-11
-77.9,-11
-77.8,-11
-83.3,-10.9
-83.2,-10.9
-83.1,-10.9
-83,-10.9
-82.9,-10.9
-82.8,-10.9
-82.7,-10.9
-82.6,-10.9
-82.5,-10.9
-82.4,-10.9
-82.3,-10.9
-82.2,-10.9
-82.1,-10.9
-82,-10.9
-81.9,-10.9
-81.8,-10.9
-81.7,-10.9
-81.6,-10.9
-81.5,-10.9
-81.4,-10.9
-81.3,-10.9
-81.2,-10.9
-81.1,-10.9
-81,-10.9
-80.9,-10.9
-80.8,-10.9
-80.7,-10.9
-80.6,-10.9
-80.5,-10.9
-80.4,-10.9
-80.3,-10.9
-80.2,-10.9
-80.1,-10.9
-80,-10.9
-79.9,-10.9
-79.8,-10.9
-79.7,-10.9
-79.6,-10.9
-79.5,-10.9
-79.4,-10.9
-79.3,-10.9
-79.2,-10.9
-79.1,-10.9
-79,-10.9
-78.9,-10.9
-78.8,-10.9
-78.7,-10.9
-78.6,-10.9
-78.5,-10.9
-78.4,-10.9
-78.3,-10.9
-78.2,-10.9
-78.1,-10.9
-78,-10.9
-77.9,-10.9
-77.8,-10.9
-83.4,-10.8
-83.3,-10.8
-83.2,-10.8
-83.1,-10.8
-83,-10.8
-82.9,-10.8
-82.8,-10.8
-82.7,-10.8
-82.6,-10.8
-82.5,-10.8
-82.4,-10.8
-82.3,-10.8
-82.2,-10.8
-82.1,-10.8
-82,-10.8
-81.9,-10.8
-81.8,-10.8
-81.7,-10.8
-81.6,-10.8
-81.5,-10.8
-81.4,-10.8
-81.3,-10.8
-81.2,-10.8
-81.1,-10.8
-81,-10.8
-80.9,-10.8
-80.8,-10.8
-80.7,-10.8
-80.6,-10.8
-80.5,-10.8
-80.4,-10.8
-80.3,-10.8
-80.2,-10.8
-80.1,-10.8
-80,-10.8
-79.9,-10.8
-79.8,-10.8
-79.7,-10.8
-79.6,-10.8
-79.5,-10.8
-79.4,-10.8
-79.3,-10.8
-79.2,-10.8
-79.1,-10.8
-79,-10.8
-78.9,-10.8
-78.8,-10.8
-78.7,-10.8
-78.6,-10.8
-78.5,-10.8
-78.4,-10.8
-78.3,-10.8
-78.2,-10.8
-78.1,-10.8
-78,-10.8
-77.9,-10.8
-83.4,-10.7
-83.3,-10.7
-83.2,-10.7
-83.1,-10.7
-83,-10.7
-82.9,-10.7
-82.8,-10.7
-82.7,-10.7
-82.6,-10.7
-82.5,-10.7
-82.4,-10.7
-82.3,-10.7
-82.2,-10.7
-82.1,-10.7
-82,-10.7
-81.9,-10.7
-81.8,-10.7
-81.7,-10.7
-81.6,-10.7
-81.5,-10.7
-81.4,-10.7
-81.3,-10.7
-81.2,-10.7
-81.1,-10.7
-81,-10.7
-80.9,-10.7
-80.8,-10.7
-80.7,-10.7
-80.6,-10.7
-80.5,-10.7
-80.4,-10.7
-80.3,-10.7
-80.2,-10.7
-80.1,-10.7
-80,-10.7
-79.9,-10.7
-79.8,-10.7
-79.7,-10.7
-79.6,-10.7
-79.5,-10.7
-79.4,-10.7
-79.3,-10.7
-79.2,-10.7
-79.1,-10.7
-79,-10.7
-78.9,-10.7
-78.8,-10.7
-78.7,-10.7
-78.6,-10.7
-78.5,-10.7
-78.4,-10.7
-78.3,-10.7
-78.2,-10.7
-78.1,-10.7
-78,-10.7
-83.5,-10.6
-83.4,-10.6
-83.3,-10.6
-83.2,-10.6
-83.1,-10.6
-83,-10.6
-82.9,-10.6
-82.8,-10.6
-82.7,-10.6
-82.6,-10.6
-82.5,-10.6
-82.4,-10.6
-82.3,-10.6
-82.2,-10.6
-82.1,-10.6
-82,-10.6
-81.9,-10.6
-81.8,-10.6
-81.7,-10.6
-81.6,-10.6
-81.5,-10.6
-81.4,-10.6
-81.3,-10.6
-81.2,-10.6
-81.1,-10.6
-81,-10.6
-80.9,-10.6
-80.8,-10.6
-80.7,-10.6
-80.6,-10.6
-80.5,-10.6
-80.4,-10.6
-80.3,-10.6
-80.2,-10.6
-80.1,-10.6
-80,-10.6
-79.9,-10.6
-79.8,-10.6
-79.7,-10.6
-79.6,-10.6
-79.5,-10.6
-79.4,-10.6
-79.3,-10.6
-79.2,-10.6
-79.1,-10.6
-79,-10.6
-78.9,-10.6
-78.8,-10.6
-78.7,-10.6
-78.6,-10.6
-78.5,-10.6
-78.4,-10.6
-78.3,-10.6
-78.2,-10.6
-78.1,-10.6
-83.5,-10.5
-83.4,-10.5
-83.3,-10.5
-83.2,-10.5
-83.1,-10.5
-83,-10.5
-82.9,-10.5
-82.8,-10.5
-82.7,-10.5
-82.6,-10.5
-82.5,-10.5
-82.4,-10.5
-82.3,-10.5
-82.2,-10.5
-82.1,-10.5
-82,-10.5
-81.9,-10.5
-81.8,-10.5
-81.7,-10.5
-81.6,-10.5
-81.5,-10.5
-81.4,-10.5
-81.3,-10.5
-81.2,-10.5
-81.1,-10.5
-81,-10.5
-80.9,-10.5
-80.8,-10.5
-80.7,-10.5
-80.6,-10.5
-80.5,-10.5
-80.4,-10.5
-80.3,-10.5
-80.2,-10.5
-80.1,-10.5
-80,-10.5
-79.9,-10.5
-79.8,-10.5
-79.7,-10.5
-79.6,-10.5
-79.5,-10.5
-79.4,-10.5
-79.3,-10.5
-79.2,-10.5
-79.1,-10.5
-79,-10.5
-78.9,-10.5
-78.8,-10.5
-78.7,-10.5
-78.6,-10.5
-78.5,-10.5
-78.4,-10.5
-78.3,-10.5
-78.2,-10.5
-83.6,-10.4
-83.5,-10.4
-83.4,-10.4
-83.3,-10.4
-83.2,-10.4
-83.1,-10.4
-83,-10.4
-82.9,-10.4
-82.8,-10.4
-82.7,-10.4
-82.6,-10.4
-82.5,-10.4
-82.4,-10.4
-82.3,-10.4
-82.2,-10.4
-82.1,-10.4
-82,-10.4
-81.9,-10.4
-81.8,-10.4
-81.7,-10.4
-81.6,-10.4
-81.5,-10.4
-81.4,-10.4
-81.3,-10.4
-81.2,-10.4
-81.1,-10.4
-81,-10.4
-80.9,-10.4
-80.8,-10.4
-80.7,-10.4
-80.6,-10.4
-80.5,-10.4
-80.4,-10.4
-80.3,-10.4
-80.2,-10.4
-80.1,-10.4
-80,-10.4
-79.9,-10.4
-79.8,-10.4
-79.7,-10.4
-79.6,-10.4
-79.5,-10.4
-79.4,-10.4
-79.3,-10.4
-79.2,-10.4
-79.1,-10.4
-79,-10.4
-78.9,-10.4
-78.8,-10.4
-78.7,-10.4
-78.6,-10.4
-78.5,-10.4
-78.4,-10.4
-78.3,-10.4
-83.6,-10.3
-83.5,-10.3
-83.4,-10.3
-83.3,-10.3
-83.2,-10.3
-83.1,-10.3
-83,-10.3
-82.9,-10.3
-82.8,-10.3
-82.7,-10.3
-82.6,-10.3
-82.5,-10.3
-82.4,-10.3
-82.3,-10.3
-82.2,-10.3
-82.1,-10.3
-82,-10.3
-81.9,-10.3
-81.8,-10.3
-81.7,-10.3
-81.6,-10.3
-81.5,-10.3
-81.4,-10.3
-81.3,-10.3
-81.2,-10.3
-81.1,-10.3
-81,-10.3
-80.9,-10.3
-80.8,-10.3
-80.7,-10.3
-80.6,-10.3
-80.5,-10.3
-80.4,-10.3
-80.3,-10.3
-80.2,-10.3
-80.1,-10.3
-80,-10.3
-79.9,-10.3
-79.8,-10.3
-79.7,-10.3
-79.6,-10.3
-79.5,-10.3
-79.4,-10.3
-79.3,-10.3
-79.2,-10.3
-79.1,-10.3
-79,-10.3
-78.9,-10.3
-78.8,-10.3
-78.7,-10.3
-78.6,-10.3
-78.5,-10.3
-78.4,-10.3
-83.7,-10.2
-83.6,-10.2
-83.5,-10.2
-83.4,-10.2
-83.3,-10.2
-83.2,-10.2
-83.1,-10.2
-83,-10.2
-82.9,-10.2
-82.8,-10.2
-82.7,-10.2
-82.6,-10.2
-82.5,-10.2
-82.4,-10.2
-82.3,-10.2
-82.2,-10.2
-82.1,-10.2
-82,-10.2
-81.9,-10.2
-81.8,-10.2
-81.7,-10.2
-81.6,-10.2
-81.5,-10.2
-81.4,-10.2
-81.3,-10.2
-81.2,-10.2
-81.1,-10.2
-81,-10.2
-80.9,-10.2
-80.8,-10.2
-80.7,-10.2
-80.6,-10.2
-80.5,-10.2
-80.4,-10.2
-80.3,-10.2
-80.2,-10.2
-80.1,-10.2
-80,-10.2
-79.9,-10.2
-79.8,-10.2
-79.7,-10.2
-79.6,-10.2
-79.5,-10.2
-79.4,-10.2
-79.3,-10.2
-79.2,-10.2
-79.1,-10.2
-79,-10.2
-78.9,-10.2
-78.8,-10.2
-78.7,-10.2
-78.6,-10.2
-78.5,-10.2
-78.4,-10.2
-83.7,-10.1
-83.6,-10.1
-83.5,-10.1
-83.4,-10.1
-83.3,-10.1
-83.2,-10.1
-83.1,-10.1
-83,-10.1
-82.9,-10.1
-82.8,-10.1
-82.7,-10.1
-82.6,-10.1
-82.5,-10.1
-82.4,-10.1
-82.3,-10.1
-82.2,-10.1
-82.1,-10.1
-82,-10.1
-81.9,-10.1
-81.8,-10.1
-81.7,-10.1
-81.6,-10.1
-81.5,-10.1
-81.4,-10.1
-81.3,-10.1
-81.2,-10.1
-81.1,-10.1
-81,-10.1
-80.9,-10.1
-80.8,-10.1
-80.7,-10.1
-80.6,-10.1
-80.5,-10.1
-80.4,-10.1
-80.3,-10.1
-80.2,-10.1
-80.1,-10.1
-80,-10.1
-79.9,-10.1
-79.8,-10.1
-79.7,-10.1
-79.6,-10.1
-79.5,-10.1
-79.4,-10.1
-79.3,-10.1
-79.2,-10.1
-79.1,-10.1
-79,-10.1
-78.9,-10.1
-78.8,-10.1
-78.7,-10.1
-78.6,-10.1
-78.5,-10.1
-83.8,-10
-83.7,-10
-83.6,-10
-83.5,-10
-83.4,-10
-83.3,-10
-83.2,-10
-83.1,-10
-83,-10
-82.9,-10
-82.8,-10
-82.7,-10
-82.6,-10
-82.5,-10
-82.4,-10
-82.3,-10
-82.2,-10
-82.1,-10
-82,-10
-81.9,-10
-81.8,-10
-81.7,-10
-81.6,-10
-81.5,-10
-81.4,-10
-81.3,-10
-81.2,-10
-81.1,-10
-81,-10
-80.9,-10
-80.8,-10
-80.7,-10
-80.6,-10
-80.5,-10
-80.4,-10
-80.3,-10
-80.2,-10
-80.1,-10
-80,-10
-79.9,-10
-79.8,-10
-79.7,-10
-79.6,-10
-79.5,-10
-79.4,-10
-79.3,-10
-79.2,-10
-79.1,-10
-79,-10
-78.9,-10
-78.8,-10
-78.7,-10
-78.6,-10
-78.5,-10
-83.8,-9.9
-83.7,-9.9
-83.6,-9.9
-83.5,-9.9
-83.4,-9.9
-83.3,-9.9
-83.2,-9.9
-83.1,-9.9
-83,-9.9
-82.9,-9.9
-82.8,-9.9
-82.7,-9.9
-82.6,-9.9
-82.5,-9.9
-82.4,-9.9
-82.3,-9.9
-82.2,-9.9
-82.1,-9.9
-82,-9.9
-81.9,-9.9
-81.8,-9.9
-81.7,-9.9
-81.6,-9.9
-81.5,-9.9
-81.4,-9.9
-81.3,-9.9
-81.2,-9.9
-81.1,-9.9
-81,-9.9
-80.9,-9.9
-80.8,-9.9
-80.7,-9.9
-80.6,-9.9
-80.5,-9.9
-80.4,-9.9
-80.3,-9.9
-80.2,-9.9
-80.1,-9.9
-80,-9.9
-79.9,-9.9
-79.8,-9.9
-79.7,-9.9
-79.6,-9.9
-79.5,-9.9
-79.4,-9.9
-79.3,-9.9
-79.2,-9.9
-79.1,-9.9
-79,-9.9
-78.9,-9.9
-78.8,-9.9
-78.7,-9.9
-78.6,-9.9
-83.9,-9.8
-83.8,-9.8
-83.7,-9.8
-83.6,-9.8
-83.5,-9.8
-83.4,-9.8
-83.3,-9.8
-83.2,-9.8
-83.1,-9.8
-83,-9.8
-82.9,-9.8
-82.8,-9.8
-82.7,-9.8
-82.6,-9.8
-82.5,-9.8
-82.4,-9.8
-82.3,-9.8
-82.2,-9.8
-82.1,-9.8
-82,-9.8
-81.9,-9.8
-81.8,-9.8
-81.7,-9.8
-81.6,-9.8
-81.5,-9.8
-81.4,-9.8
-81.3,-9.8
-81.2,-9.8
-81.1,-9.8
-81,-9.8
-80.9,-9.8
-80.8,-9.8
-80.7,-9.8
-80.6,-9.8
-80.5,-9.8
-80.4,-9.8
-80.3,-9.8
-80.2,-9.8
-80.1,-9.8
-80,-9.8
-79.9,-9.8
-79.8,-9.8
-79.7,-9.8
-79.6,-9.8
-79.5,-9.8
-79.4,-9.8
-79.3,-9.8
-79.2,-9.8
-79.1,-9.8
-79,-9.8
-78.9,-9.8
-78.8,-9.8
-78.7,-9.8
-78.6,-9.8
-84,-9.7
-83.9,-9.7
-83.8,-9.7
-83.7,-9.7
-83.6,-9.7
-83.5,-9.7
-83.4,-9.7
-83.3,-9.7
-83.2,-9.7
-83.1,-9.7
-83,-9.7
-82.9,-9.7
-82.8,-9.7
-82.7,-9.7
-82.6,-9.7
-82.5,-9.7
-82.4,-9.7
-82.3,-9.7
-82.2,-9.7
-82.1,-9.7
-82,-9.7
-81.9,-9.7
-81.8,-9.7
-81.7,-9.7
-81.6,-9.7
-81.5,-9.7
-81.4,-9.7
-81.3,-9.7
-81.2,-9.7
-81.1,-9.7
-81,-9.7
-80.9,-9.7
-80.8,-9.7
-80.7,-9.7
-80.6,-9.7
-80.5,-9.7
-80.4,-9.7
-80.3,-9.7
-80.2,-9.7
-80.1,-9.7
-80,-9.7
-79.9,-9.7
-79.8,-9.7
-79.7,-9.7
-79.6,-9.7
-79.5,-9.7
-79.4,-9.7
-79.3,-9.7
-79.2,-9.7
-79.1,-9.7
-79,-9.7
-78.9,-9.7
-78.8,-9.7
-78.7,-9.7
-84,-9.6
-83.9,-9.6
-83.8,-9.6
-83.7,-9.6
-83.6,-9.6
-83.5,-9.6
-83.4,-9.6
-83.3,-9.6
-83.2,-9.6
-83.1,-9.6
-83,-9.6
-82.9,-9.6
-82.8,-9.6
-82.7,-9.6
-82.6,-9.6
-82.5,-9.6
-82.4,-9.6
-82.3,-9.6
-82.2,-9.6
-82.1,-9.6
-82,-9.6
-81.9,-9.6
-81.8,-9.6
-81.7,-9.6
-81.6,-9.6
-81.5,-9.6
-81.4,-9.6
-81.3,-9.6
-81.2,-9.6
-81.1,-9.6
-81,-9.6
-80.9,-9.6
-80.8,-9.6
-80.7,-9.6
-80.6,-9.6
-80.5,-9.6
-80.4,-9.6
-80.3,-9.6
-80.2,-9.6
-80.1,-9.6
-80,-9.6
-79.9,-9.6
-79.8,-9.6
-79.7,-9.6
-79.6,-9.6
-79.5,-9.6
-79.4,-9.6
-79.3,-9.6
-79.2,-9.6
-79.1,-9.6
-79,-9.6
-78.9,-9.6
-78.8,-9.6
-84.1,-9.5
-84,-9.5
-83.9,-9.5
-83.8,-9.5
-83.7,-9.5
-83.6,-9.5
-83.5,-9.5
-83.4,-9.5
-83.3,-9.5
-83.2,-9.5
-83.1,-9.5
-83,-9.5
-82.9,-9.5
-82.8,-9.5
-82.7,-9.5
-82.6,-9.5
-82.5,-9.5
-82.4,-9.5
-82.3,-9.5
-82.2,-9.5
-82.1,-9.5
-82,-9.5
-81.9,-9.5
-81.8,-9.5
-81.7,-9.5
-81.6,-9.5
-81.5,-9.5
-81.4,-9.5
-81.3,-9.5
-81.2,-9.5
-81.1,-9.5
-81,-9.5
-80.9,-9.5
-80.8,-9.5
-80.7,-9.5
-80.6,-9.5
-80.5,-9.5
-80.4,-9.5
-80.3,-9.5
-80.2,-9.5
-80.1,-9.5
-80,-9.5
-79.9,-9.5
-79.8,-9.5
-79.7,-9.5
-79.6,-9.5
-79.5,-9.5
-79.4,-9.5
-79.3,-9.5
-79.2,-9.5
-79.1,-9.5
-79,-9.5
-78.9,-9.5
-78.8,-9.5
-84.1,-9.4
-84,-9.4
-83.9,-9.4
-83.8,-9.4
-83.7,-9.4
-83.6,-9.4
-83.5,-9.4
-83.4,-9.4
-83.3,-9.4
-83.2,-9.4
-83.1,-9.4
-83,-9.4
-82.9,-9.4
-82.8,-9.4
-82.7,-9.4
-82.6,-9.4
-82.5,-9.4
-82.4,-9.4
-82.3,-9.4
-82.2,-9.4
-82.1,-9.4
-82,-9.4
-81.9,-9.4
-81.8,-9.4
-81.7,-9.4
-81.6,-9.4
-81.5,-9.4
-81.4,-9.4
-81.3,-9.4
-81.2,-9.4
-81.1,-9.4
-81,-9.4
-80.9,-9.4
-80.8,-9.4
-80.7,-9.4
-80.6,-9.4
-80.5,-9.4
-80.4,-9.4
-80.3,-9.4
-80.2,-9.4
-80.1,-9.4
-80,-9.4
-79.9,-9.4
-79.8,-9.4
-79.7,-9.4
-79.6,-9.4
-79.5,-9.4
-79.4,-9.4
-79.3,-9.4
-79.2,-9.4
-79.1,-9.4
-79,-9.4
-78.9,-9.4
-84.2,-9.3
-84.1,-9.3
-84,-9.3
-83.9,-9.3
-83.8,-9.3
-83.7,-9.3
-83.6,-9.3
-83.5,-9.3
-83.4,-9.3
-83.3,-9.3
-83.2,-9.3
-83.1,-9.3
-83,-9.3
-82.9,-9.3
-82.8,-9.3
-82.7,-9.3
-82.6,-9.3
-82.5,-9.3
-82.4,-9.3
-82.3,-9.3
-82.2,-9.3
-82.1,-9.3
-82,-9.3
-81.9,-9.3
-81.8,-9.3
-81.7,-9.3
-81.6,-9.3
-81.5,-9.3
-81.4,-9.3
-81.3,-9.3
-81.2,-9.3
-81.1,-9.3
-81,-9.3
-80.9,-9.3
-80.8,-9.3
-80.7,-9.3
-80.6,-9.3
-80.5,-9.3
-80.4,-9.3
-80.3,-9.3
-80.2,-9.3
-80.1,-9.3
-80,-9.3
-79.9,-9.3
-79.8,-9.3
-79.7,-9.3
-79.6,-9.3
-79.5,-9.3
-79.4,-9.3
-79.3,-9.3
-79.2,-9.3
-79.1,-9.3
-79,-9.3
-78.9,-9.3
-84.2,-9.2
-84.1,-9.2
-84,-9.2
-83.9,-9.2
-83.8,-9.2
-83.7,-9.2
-83.6,-9.2
-83.5,-9.2
-83.4,-9.2
-83.3,-9.2
-83.2,-9.2
-83.1,-9.2
-83,-9.2
-82.9,-9.2
-82.8,-9.2
-82.7,-9.2
-82.6,-9.2
-82.5,-9.2
-82.4,-9.2
-82.3,-9.2
-82.2,-9.2
-82.1,-9.2
-82,-9.2
-81.9,-9.2
-81.8,-9.2
-81.7,-9.2
-81.6,-9.2
-81.5,-9.2
-81.4,-9.2
-81.3,-9.2
-81.2,-9.2
-81.1,-9.2
-81,-9.2
-80.9,-9.2
-80.8,-9.2
-80.7,-9.2
-80.6,-9.2
-80.5,-9.2
-80.4,-9.2
-80.3,-9.2
-80.2,-9.2
-80.1,-9.2
-80,-9.2
-79.9,-9.2
-79.8,-9.2
-79.7,-9.2
-79.6,-9.2
-79.5,-9.2
-79.4,-9.2
-79.3,-9.2
-79.2,-9.2
-79.1,-9.2
-79,-9.2
-84.3,-9.1
-84.2,-9.1
-84.1,-9.1
-84,-9.1
-83.9,-9.1
-83.8,-9.1
-83.7,-9.1
-83.6,-9.1
-83.5,-9.1
-83.4,-9.1
-83.3,-9.1
-83.2,-9.1
-83.1,-9.1
-83,-9.1
-82.9,-9.1
-82.8,-9.1
-82.7,-9.1
-82.6,-9.1
-82.5,-9.1
-82.4,-9.1
-82.3,-9.1
-82.2,-9.1
-82.1,-9.1
-82,-9.1
-81.9,-9.1
-81.8,-9.1
-81.7,-9.1
-81.6,-9.1
-81.5,-9.1
-81.4,-9.1
-81.3,-9.1
-81.2,-9.1
-81.1,-9.1
-81,-9.1
-80.9,-9.1
-80.8,-9.1
-80.7,-9.1
-80.6,-9.1
-80.5,-9.1
-80.4,-9.1
-80.3,-9.1
-80.2,-9.1
-80.1,-9.1
-80,-9.1
-79.9,-9.1
-79.8,-9.1
-79.7,-9.1
-79.6,-9.1
-79.5,-9.1
-79.4,-9.1
-79.3,-9.1
-79.2,-9.1
-79.1,-9.1
-79,-9.1
-84.3,-9
-84.2,-9
-84.1,-9
-84,-9
-83.9,-9
-83.8,-9
-83.7,-9
-83.6,-9
-83.5,-9
-83.4,-9
-83.3,-9
-83.2,-9
-83.1,-9
-83,-9
-82.9,-9
-82.8,-9
-82.7,-9
-82.6,-9
-82.5,-9
-82.4,-9
-82.3,-9
-82.2,-9
-82.1,-9
-82,-9
-81.9,-9
-81.8,-9
-81.7,-9
-81.6,-9
-81.5,-9
-81.4,-9
-81.3,-9
-81.2,-9
-81.1,-9
-81,-9
-80.9,-9
-80.8,-9
-80.7,-9
-80.6,-9
-80.5,-9
-80.4,-9
-80.3,-9
-80.2,-9
-80.1,-9
-80,-9
-79.9,-9
-79.8,-9
-79.7,-9
-79.6,-9
-79.5,-9
-79.4,-9
-79.3,-9
-79.2,-9
-79.1,-9
-84.4,-8.9
-84.3,-8.9
-84.2,-8.9
-84.1,-8.9
-84,-8.9
-83.9,-8.9
-83.8,-8.9
-83.7,-8.9
-83.6,-8.9
-83.5,-8.9
-83.4,-8.9
-83.3,-8.9
-83.2,-8.9
-83.1,-8.9
-83,-8.9
-82.9,-8.9
-82.8,-8.9
-82.7,-8.9
-82.6,-8.9
-82.5,-8.9
-82.4,-8.9
-82.3,-8.9
-82.2,-8.9
-82.1,-8.9
-82,-8.9
-81.9,-8.9
-81.8,-8.9
-81.7,-8.9
-81.6,-8.9
-81.5,-8.9
-81.4,-8.9
-81.3,-8.9
-81.2,-8.9
-81.1,-8.9
-81,-8.9
-80.9,-8.9
-80.8,-8.9
-80.7,-8.9
-80.6,-8.9
-80.5,-8.9
-80.4,-8.9
-80.3,-8.9
-80.2,-8.9
-80.1,-8.9
-80,-8.9
-79.9,-8.9
-79.8,-8.9
-79.7,-8.9
-79.6,-8.9
-79.5,-8.9
-79.4,-8.9
-79.3,-8.9
-79.2,-8.9
-84.4,-8.8
-84.3,-8.8
-84.2,-8.8
-84.1,-8.8
-84,-8.8
-83.9,-8.8
-83.8,-8.8
-83.7,-8.8
-83.6,-8.8
-83.5,-8.8
-83.4,-8.8
-83.3,-8.8
-83.2,-8.8
-83.1,-8.8
-83,-8.8
-82.9,-8.8
-82.8,-8.8
-82.7,-8.8
-82.6,-8.8
-82.5,-8.8
-82.4,-8.8
-82.3,-8.8
-82.2,-8.8
-82.1,-8.8
-82,-8.8
-81.9,-8.8
-81.8,-8.8
-81.7,-8.8
-81.6,-8.8
-81.5,-8.8
-81.4,-8.8
-81.3,-8.8
-81.2,-8.8
-81.1,-8.8
-81,-8.8
-80.9,-8.8
-80.8,-8.8
-80.7,-8.8
-80.6,-8.8
-80.5,-8.8
-80.4,-8.8
-80.3,-8.8
-80.2,-8.8
-80.1,-8.8
-80,-8.8
-79.9,-8.8
-79.8,-8.8
-79.7,-8.8
-79.6,-8.8
-79.5,-8.8
-79.4,-8.8
-79.3,-8.8
-79.2,-8.8
-84.5,-8.7
-84.4,-8.7
-84.3,-8.7
-84.2,-8.7
-84.1,-8.7
-84,-8.7
-83.9,-8.7
-83.8,-8.7
-83.7,-8.7
-83.6,-8.7
-83.5,-8.7
-83.4,-8.7
-83.3,-8.7
-83.2,-8.7
-83.1,-8.7
-83,-8.7
-82.9,-8.7
-82.8,-8.7
-82.7,-8.7
-82.6,-8.7
-82.5,-8.7
-82.4,-8.7
-82.3,-8.7
-82.2,-8.7
-82.1,-8.7
-82,-8.7
-81.9,-8.7
-81.8,-8.7
-81.7,-8.7
-81.6,-8.7
-81.5,-8.7
-81.4,-8.7
-81.3,-8.7
-81.2,-8.7
-81.1,-8.7
-81,-8.7
-80.9,-8.7
-80.8,-8.7
-80.7,-8.7
-80.6,-8.7
-80.5,-8.7
-80.4,-8.7
-80.3,-8.7
-80.2,-8.7
-80.1,-8.7
-80,-8.7
-79.9,-8.7
-79.8,-8.7
-79.7,-8.7
-79.6,-8.7
-79.5,-8.7
-79.4,-8.7
-79.3,-8.7
-84.5,-8.6
-84.4,-8.6
-84.3,-8.6
-84.2,-8.6
-84.1,-8.6
-84,-8.6
-83.9,-8.6
-83.8,-8.6
-83.7,-8.6
-83.6,-8.6
-83.5,-8.6
-83.4,-8.6
-83.3,-8.6
-83.2,-8.6
-83.1,-8.6
-83,-8.6
-82.9,-8.6
-82.8,-8.6
-82.7,-8.6
-82.6,-8.6
-82.5,-8.6
-82.4,-8.6
-82.3,-8.6
-82.2,-8.6
-82.1,-8.6
-82,-8.6
-81.9,-8.6
-81.8,-8.6
-81.7,-8.6
-81.6,-8.6
-81.5,-8.6
-81.4,-8.6
-81.3,-8.6
-81.2,-8.6
-81.1,-8.6
-81,-8.6
-80.9,-8.6
-80.8,-8.6
-80.7,-8.6
-80.6,-8.6
-80.5,-8.6
-80.4,-8.6
-80.3,-8.6
-80.2,-8.6
-80.1,-8.6
-80,-8.6
-79.9,-8.6
-79.8,-8.6
-79.7,-8.6
-79.6,-8.6
-79.5,-8.6
-79.4,-8.6
-79.3,-8.6
-84.6,-8.5
-84.5,-8.5
-84.4,-8.5
-84.3,-8.5
-84.2,-8.5
-84.1,-8.5
-84,-8.5
-83.9,-8.5
-83.8,-8.5
-83.7,-8.5
-83.6,-8.5
-83.5,-8.5
-83.4,-8.5
-83.3,-8.5
-83.2,-8.5
-83.1,-8.5
-83,-8.5
-82.9,-8.5
-82.8,-8.5
-82.7,-8.5
-82.6,-8.5
-82.5,-8.5
-82.4,-8.5
-82.3,-8.5
-82.2,-8.5
-82.1,-8.5
-82,-8.5
-81.9,-8.5
-81.8,-8.5
-81.7,-8.5
-81.6,-8.5
-81.5,-8.5
-81.4,-8.5
-81.3,-8.5
-81.2,-8.5
-81.1,-8.5
-81,-8.5
-80.9,-8.5
-80.8,-8.5
-80.7,-8.5
-80.6,-8.5
-80.5,-8.5
-80.4,-8.5
-80.3,-8.5
-80.2,-8.5
-80.1,-8.5
-80,-8.5
-79.9,-8.5
-79.8,-8.5
-79.7,-8.5
-79.6,-8.5
-79.5,-8.5
-79.4,-8.5
-84.6,-8.4
-84.5,-8.4
-84.4,-8.4
-84.3,-8.4
-84.2,-8.4
-84.1,-8.4
-84,-8.4
-83.9,-8.4
-83.8,-8.4
-83.7,-8.4
-83.6,-8.4
-83.5,-8.4
-83.4,-8.4
-83.3,-8.4
-83.2,-8.4
-83.1,-8.4
-83,-8.4
-82.9,-8.4
-82.8,-8.4
-82.7,-8.4
-82.6,-8.4
-82.5,-8.4
-82.4,-8.4
-82.3,-8.4
-82.2,-8.4
-82.1,-8.4
-82,-8.4
-81.9,-8.4
-81.8,-8.4
-81.7,-8.4
-81.6,-8.4
-81.5,-8.4
-81.4,-8.4
-81.3,-8.4
-81.2,-8.4
-81.1,-8.4
-81,-8.4
-80.9,-8.4
-80.8,-8.4
-80.7,-8.4
-80.6,-8.4
-80.5,-8.4
-80.4,-8.4
-80.3,-8.4
-80.2,-8.4
-80.1,-8.4
-80,-8.4
-79.9,-8.4
-79.8,-8.4
-79.7,-8.4
-79.6,-8.4
-79.5,-8.4
-79.4,-8.4
-84.6,-8.3
-84.5,-8.3
-84.4,-8.3
-84.3,-8.3
-84.2,-8.3
-84.1,-8.3
-84,-8.3
-83.9,-8.3
-83.8,-8.3
-83.7,-8.3
-83.6,-8.3
-83.5,-8.3
-83.4,-8.3
-83.3,-8.3
-83.2,-8.3
-83.1,-8.3
-83,-8.3
-82.9,-8.3
-82.8,-8.3
-82.7,-8.3
-82.6,-8.3
-82.5,-8.3
-82.4,-8.3
-82.3,-8.3
-82.2,-8.3
-82.1,-8.3
-82,-8.3
-81.9,-8.3
-81.8,-8.3
-81.7,-8.3
-81.6,-8.3
-81.5,-8.3
-81.4,-8.3
-81.3,-8.3
-81.2,-8.3
-81.1,-8.3
-81,-8.3
-80.9,-8.3
-80.8,-8.3
-80.7,-8.3
-80.6,-8.3
-80.5,-8.3
-80.4,-8.3
-80.3,-8.3
-80.2,-8.3
-80.1,-8.3
-80,-8.3
-79.9,-8.3
-79.8,-8.3
-79.7,-8.3
-79.6,-8.3
-79.5,-8.3
-84.7,-8.2
-84.6,-8.2
-84.5,-8.2
-84.4,-8.2
-84.3,-8.2
-84.2,-8.2
-84.1,-8.2
-84,-8.2
-83.9,-8.2
-83.8,-8.2
-83.7,-8.2
-83.6,-8.2
-83.5,-8.2
-83.4,-8.2
-83.3,-8.2
-83.2,-8.2
-83.1,-8.2
-83,-8.2
-82.9,-8.2
-82.8,-8.2
-82.7,-8.2
-82.6,-8.2
-82.5,-8.2
-82.4,-8.2
-82.3,-8.2
-82.2,-8.2
-82.1,-8.2
-82,-8.2
-81.9,-8.2
-81.8,-8.2
-81.7,-8.2
-81.6,-8.2
-81.5,-8.2
-81.4,-8.2
-81.3,-8.2
-81.2,-8.2
-81.1,-8.2
-81,-8.2
-80.9,-8.2
-80.8,-8.2
-80.7,-8.2
-80.6,-8.2
-80.5,-8.2
-80.4,-8.2
-80.3,-8.2
-80.2,-8.2
-80.1,-8.2
-80,-8.2
-79.9,-8.2
-79.8,-8.2
-79.7,-8.2
-79.6,-8.2
-84.7,-8.1
-84.6,-8.1
-84.5,-8.1
-84.4,-8.1
-84.3,-8.1
-84.2,-8.1
-84.1,-8.1
-84,-8.1
-83.9,-8.1
-83.8,-8.1
-83.7,-8.1
-83.6,-8.1
-83.5,-8.1
-83.4,-8.1
-83.3,-8.1
-83.2,-8.1
-83.1,-8.1
-83,-8.1
-82.9,-8.1
-82.8,-8.1
-82.7,-8.1
-82.6,-8.1
-82.5,-8.1
-82.4,-8.1
-82.3,-8.1
-82.2,-8.1
-82.1,-8.1
-82,-8.1
-81.9,-8.1
-81.8,-8.1
-81.7,-8.1
-81.6,-8.1
-81.5,-8.1
-81.4,-8.1
-81.3,-8.1
-81.2,-8.1
-81.1,-8.1
-81,-8.1
-80.9,-8.1
-80.8,-8.1
-80.7,-8.1
-80.6,-8.1
-80.5,-8.1
-80.4,-8.1
-80.3,-8.1
-80.2,-8.1
-80.1,-8.1
-80,-8.1
-79.9,-8.1
-79.8,-8.1
-79.7,-8.1
-84.8,-8
-84.7,-8
-84.6,-8
-84.5,-8
-84.4,-8
-84.3,-8
-84.2,-8
-84.1,-8
-84,-8
-83.9,-8
-83.8,-8
-83.7,-8
-83.6,-8
-83.5,-8
-83.4,-8
-83.3,-8
-83.2,-8
-83.1,-8
-83,-8
-82.9,-8
-82.8,-8
-82.7,-8
-82.6,-8
-82.5,-8
-82.4,-8
-82.3,-8
-82.2,-8
-82.1,-8
-82,-8
-81.9,-8
-81.8,-8
-81.7,-8
-81.6,-8
-81.5,-8
-81.4,-8
-81.3,-8
-81.2,-8
-81.1,-8
-81,-8
-80.9,-8
-80.8,-8
-80.7,-8
-80.6,-8
-80.5,-8
-80.4,-8
-80.3,-8
-80.2,-8
-80.1,-8
-80,-8
-79.9,-8
-79.8,-8
-79.7,-8
-84.8,-7.9
-84.7,-7.9
-84.6,-7.9
-84.5,-7.9
-84.4,-7.9
-84.3,-7.9
-84.2,-7.9
-84.1,-7.9
-84,-7.9
-83.9,-7.9
-83.8,-7.9
-83.7,-7.9
-83.6,-7.9
-83.5,-7.9
-83.4,-7.9
-83.3,-7.9
-83.2,-7.9
-83.1,-7.9
-83,-7.9
-82.9,-7.9
-82.8,-7.9
-82.7,-7.9
-82.6,-7.9
-82.5,-7.9
-82.4,-7.9
-82.3,-7.9
-82.2,-7.9
-82.1,-7.9
-82,-7.9
-81.9,-7.9
-81.8,-7.9
-81.7,-7.9
-81.6,-7.9
-81.5,-7.9
-81.4,-7.9
-81.3,-7.9
-81.2,-7.9
-81.1,-7.9
-81,-7.9
-80.9,-7.9
-80.8,-7.9
-80.7,-7.9
-80.6,-7.9
-80.5,-7.9
-80.4,-7.9
-80.3,-7.9
-80.2,-7.9
-80.1,-7.9
-80,-7.9
-79.9,-7.9
-79.8,-7.9
-84.9,-7.8
-84.8,-7.8
-84.7,-7.8
-84.6,-7.8
-84.5,-7.8
-84.4,-7.8
-84.3,-7.8
-84.2,-7.8
-84.1,-7.8
-84,-7.8
-83.9,-7.8
-83.8,-7.8
-83.7,-7.8
-83.6,-7.8
-83.5,-7.8
-83.4,-7.8
-83.3,-7.8
-83.2,-7.8
-83.1,-7.8
-83,-7.8
-82.9,-7.8
-82.8,-7.8
-82.7,-7.8
-82.6,-7.8
-82.5,-7.8
-82.4,-7.8
-82.3,-7.8
-82.2,-7.8
-82.1,-7.8
-82,-7.8
-81.9,-7.8
-81.8,-7.8
-81.7,-7.8
-81.6,-7.8
-81.5,-7.8
-81.4,-7.8
-81.3,-7.8
-81.2,-7.8
-81.1,-7.8
-81,-7.8
-80.9,-7.8
-80.8,-7.8
-80.7,-7.8
-80.6,-7.8
-80.5,-7.8
-80.4,-7.8
-80.3,-7.8
-80.2,-7.8
-80.1,-7.8
-80,-7.8
-79.9,-7.8
-84.9,-7.7
-84.8,-7.7
-84.7,-7.7
-84.6,-7.7
-84.5,-7.7
-84.4,-7.7
-84.3,-7.7
-84.2,-7.7
-84.1,-7.7
-84,-7.7
-83.9,-7.7
-83.8,-7.7
-83.7,-7.7
-83.6,-7.7
-83.5,-7.7
-83.4,-7.7
-83.3,-7.7
-83.2,-7.7
-83.1,-7.7
-83,-7.7
-82.9,-7.7
-82.8,-7.7
-82.7,-7.7
-82.6,-7.7
-82.5,-7.7
-82.4,-7.7
-82.3,-7.7
-82.2,-7.7
-82.1,-7.7
-82,-7.7
-81.9,-7.7
-81.8,-7.7
-81.7,-7.7
-81.6,-7.7
-81.5,-7.7
-81.4,-7.7
-81.3,-7.7
-81.2,-7.7
-81.1,-7.7
-81,-7.7
-80.9,-7.7
-80.8,-7.7
-80.7,-7.7
-80.6,-7.7
-80.5,-7.7
-80.4,-7.7
-80.3,-7.7
-80.2,-7.7
-80.1,-7.7
-80,-7.7
-85,-7.6
-84.9,-7.6
-84.8,-7.6
-84.7,-7.6
-84.6,-7.6
-84.5,-7.6
-84.4,-7.6
-84.3,-7.6
-84.2,-7.6
-84.1,-7.6
-84,-7.6
-83.9,-7.6
-83.8,-7.6
-83.7,-7.6
-83.6,-7.6
-83.5,-7.6
-83.4,-7.6
-83.3,-7.6
-83.2,-7.6
-83.1,-7.6
-83,-7.6
-82.9,-7.6
-82.8,-7.6
-82.7,-7.6
-82.6,-7.6
-82.5,-7.6
-82.4,-7.6
-82.3,-7.6
-82.2,-7.6
-82.1,-7.6
-82,-7.6
-81.9,-7.6
-81.8,-7.6
-81.7,-7.6
-81.6,-7.6
-81.5,-7.6
-81.4,-7.6
-81.3,-7.6
-81.2,-7.6
-81.1,-7.6
-81,-7.6
-80.9,-7.6
-80.8,-7.6
-80.7,-7.6
-80.6,-7.6
-80.5,-7.6
-80.4,-7.6
-80.3,-7.6
-80.2,-7.6
-80.1,-7.6
-85,-7.5
-84.9,-7.5
-84.8,-7.5
-84.7,-7.5
-84.6,-7.5
-84.5,-7.5
-84.4,-7.5
-84.3,-7.5
-84.2,-7.5
-84.1,-7.5
-84,-7.5
-83.9,-7.5
-83.8,-7.5
-83.7,-7.5
-83.6,-7.5
-83.5,-7.5
-83.4,-7.5
-83.3,-7.5
-83.2,-7.5
-83.1,-7.5
-83,-7.5
-82.9,-7.5
-82.8,-7.5
-82.7,-7.5
-82.6,-7.5
-82.5,-7.5
-82.4,-7.5
-82.3,-7.5
-82.2,-7.5
-82.1,-7.5
-82,-7.5
-81.9,-7.5
-81.8,-7.5
-81.7,-7.5
-81.6,-7.5
-81.5,-7.5
-81.4,-7.5
-81.3,-7.5
-81.2,-7.5
-81.1,-7.5
-81,-7.5
-80.9,-7.5
-80.8,-7.5
-80.7,-7.5
-80.6,-7.5
-80.5,-7.5
-80.4,-7.5
-80.3,-7.5
-80.2,-7.5
-85,-7.4
-84.9,-7.4
-84.8,-7.4
-84.7,-7.4
-84.6,-7.4
-84.5,-7.4
-84.4,-7.4
-84.3,-7.4
-84.2,-7.4
-84.1,-7.4
-84,-7.4
-83.9,-7.4
-83.8,-7.4
-83.7,-7.4
-83.6,-7.4
-83.5,-7.4
-83.4,-7.4
-83.3,-7.4
-83.2,-7.4
-83.1,-7.4
-83,-7.4
-82.9,-7.4
-82.8,-7.4
-82.7,-7.4
-82.6,-7.4
-82.5,-7.4
-82.4,-7.4
-82.3,-7.4
-82.2,-7.4
-82.1,-7.4
-82,-7.4
-81.9,-7.4
-81.8,-7.4
-81.7,-7.4
-81.6,-7.4
-81.5,-7.4
-81.4,-7.4
-81.3,-7.4
-81.2,-7.4
-81.1,-7.4
-81,-7.4
-80.9,-7.4
-80.8,-7.4
-80.7,-7.4
-80.6,-7.4
-80.5,-7.4
-80.4,-7.4
-80.3,-7.4
-80.2,-7.4
-85.1,-7.3
-85,-7.3
-84.9,-7.3
-84.8,-7.3
-84.7,-7.3
-84.6,-7.3
-84.5,-7.3
-84.4,-7.3
-84.3,-7.3
-84.2,-7.3
-84.1,-7.3
-84,-7.3
-83.9,-7.3
-83.8,-7.3
-83.7,-7.3
-83.6,-7.3
-83.5,-7.3
-83.4,-7.3
-83.3,-7.3
-83.2,-7.3
-83.1,-7.3
-83,-7.3
-82.9,-7.3
-82.8,-7.3
-82.7,-7.3
-82.6,-7.3
-82.5,-7.3
-82.4,-7.3
-82.3,-7.3
-82.2,-7.3
-82.1,-7.3
-82,-7.3
-81.9,-7.3
-81.8,-7.3
-81.7,-7.3
-81.6,-7.3
-81.5,-7.3
-81.4,-7.3
-81.3,-7.3
-81.2,-7.3
-81.1,-7.3
-81,-7.3
-80.9,-7.3
-80.8,-7.3
-80.7,-7.3
-80.6,-7.3
-80.5,-7.3
-80.4,-7.3
-80.3,-7.3
-85.1,-7.2
-85,-7.2
-84.9,-7.2
-84.8,-7.2
-84.7,-7.2
-84.6,-7.2
-84.5,-7.2
-84.4,-7.2
-84.3,-7.2
-84.2,-7.2
-84.1,-7.2
-84,-7.2
-83.9,-7.2
-83.8,-7.2
-83.7,-7.2
-83.6,-7.2
-83.5,-7.2
-83.4,-7.2
-83.3,-7.2
-83.2,-7.2
-83.1,-7.2
-83,-7.2
-82.9,-7.2
-82.8,-7.2
-82.7,-7.2
-82.6,-7.2
-82.5,-7.2
-82.4,-7.2
-82.3,-7.2
-82.2,-7.2
-82.1,-7.2
-82,-7.2
-81.9,-7.2
-81.8,-7.2
-81.7,-7.2
-81.6,-7.2
-81.5,-7.2
-81.4,-7.2
-81.3,-7.2
-81.2,-7.2
-81.1,-7.2
-81,-7.2
-80.9,-7.2
-80.8,-7.2
-80.7,-7.2
-80.6,-7.2
-80.5,-7.2
-80.4,-7.2
-85.2,-7.1
-85.1,-7.1
-85,-7.1
-84.9,-7.1
-84.8,-7.1
-84.7,-7.1
-84.6,-7.1
-84.5,-7.1
-84.4,-7.1
-84.3,-7.1
-84.2,-7.1
-84.1,-7.1
-84,-7.1
-83.9,-7.1
-83.8,-7.1
-83.7,-7.1
-83.6,-7.1
-83.5,-7.1
-83.4,-7.1
-83.3,-7.1
-83.2,-7.1
-83.1,-7.1
-83,-7.1
-82.9,-7.1
-82.8,-7.1
-82.7,-7.1
-82.6,-7.1
-82.5,-7.1
-82.4,-7.1
-82.3,-7.1
-82.2,-7.1
-82.1,-7.1
-82,-7.1
-81.9,-7.1
-81.8,-7.1
-81.7,-7.1
-81.6,-7.1
-81.5,-7.1
-81.4,-7.1
-81.3,-7.1
-81.2,-7.1
-81.1,-7.1
-81,-7.1
-80.9,-7.1
-80.8,-7.1
-80.7,-7.1
-80.6,-7.1
-80.5,-7.1
-85.2,-7
-85.1,-7
-85,-7
-84.9,-7
-84.8,-7
-84.7,-7
-84.6,-7
-84.5,-7
-84.4,-7
-84.3,-7
-84.2,-7
-84.1,-7
-84,-7
-83.9,-7
-83.8,-7
-83.7,-7
-83.6,-7
-83.5,-7
-83.4,-7
-83.3,-7
-83.2,-7
-83.1,-7
-83,-7
-82.9,-7
-82.8,-7
-82.7,-7
-82.6,-7
-82.5,-7
-82.4,-7
-82.3,-7
-82.2,-7
-82.1,-7
-82,-7
-81.9,-7
-81.8,-7
-81.7,-7
-81.6,-7
-81.5,-7
-81.4,-7
-81.3,-7
-81.2,-7
-81.1,-7
-81,-7
-80.9,-7
-80.8,-7
-80.7,-7
-80.6,-7
-85.3,-6.9
-85.2,-6.9
-85.1,-6.9
-85,-6.9
-84.9,-6.9
-84.8,-6.9
-84.7,-6.9
-84.6,-6.9
-84.5,-6.9
-84.4,-6.9
-84.3,-6.9
-84.2,-6.9
-84.1,-6.9
-84,-6.9
-83.9,-6.9
-83.8,-6.9
-83.7,-6.9
-83.6,-6.9
-83.5,-6.9
-83.4,-6.9
-83.3,-6.9
-83.2,-6.9
-83.1,-6.9
-83,-6.9
-82.9,-6.9
-82.8,-6.9
-82.7,-6.9
-82.6,-6.9
-82.5,-6.9
-82.4,-6.9
-82.3,-6.9
-82.2,-6.9
-82.1,-6.9
-82,-6.9
-81.9,-6.9
-81.8,-6.9
-81.7,-6.9
-81.6,-6.9
-81.5,-6.9
-81.4,-6.9
-81.3,-6.9
-81.2,-6.9
-81.1,-6.9
-81,-6.9
-80.9,-6.9
-80.8,-6.9
-80.7,-6.9
-85.3,-6.8
-85.2,-6.8
-85.1,-6.8
-85,-6.8
-84.9,-6.8
-84.8,-6.8
-84.7,-6.8
-84.6,-6.8
-84.5,-6.8
-84.4,-6.8
-84.3,-6.8
-84.2,-6.8
-84.1,-6.8
-84,-6.8
-83.9,-6.8
-83.8,-6.8
-83.7,-6.8
-83.6,-6.8
-83.5,-6.8
-83.4,-6.8
-83.3,-6.8
-83.2,-6.8
-83.1,-6.8
-83,-6.8
-82.9,-6.8
-82.8,-6.8
-82.7,-6.8
-82.6,-6.8
-82.5,-6.8
-82.4,-6.8
-82.3,-6.8
-82.2,-6.8
-82.1,-6.8
-82,-6.8
-81.9,-6.8
-81.8,-6.8
-81.7,-6.8
-81.6,-6.8
-81.5,-6.8
-81.4,-6.8
-81.3,-6.8
-81.2,-6.8
-81.1,-6.8
-81,-6.8
-80.9,-6.8
-80.8,-6.8
-80.7,-6.8
-85.4,-6.7
-85.3,-6.7
-85.2,-6.7
-85.1,-6.7
-85,-6.7
-84.9,-6.7
-84.8,-6.7
-84.7,-6.7
-84.6,-6.7
-84.5,-6.7
-84.4,-6.7
-84.3,-6.7
-84.2,-6.7
-84.1,-6.7
-84,-6.7
-83.9,-6.7
-83.8,-6.7
-83.7,-6.7
-83.6,-6.7
-83.5,-6.7
-83.4,-6.7
-83.3,-6.7
-83.2,-6.7
-83.1,-6.7
-83,-6.7
-82.9,-6.7
-82.8,-6.7
-82.7,-6.7
-82.6,-6.7
-82.5,-6.7
-82.4,-6.7
-82.3,-6.7
-82.2,-6.7
-82.1,-6.7
-82,-6.7
-81.9,-6.7
-81.8,-6.7
-81.7,-6.7
-81.6,-6.7
-81.5,-6.7
-81.4,-6.7
-81.3,-6.7
-81.2,-6.7
-81.1,-6.7
-81,-6.7
-80.9,-6.7
-80.8,-6.7
-85.4,-6.6
-85.3,-6.6
-85.2,-6.6
-85.1,-6.6
-85,-6.6
-84.9,-6.6
-84.8,-6.6
-84.7,-6.6
-84.6,-6.6
-84.5,-6.6
-84.4,-6.6
-84.3,-6.6
-84.2,-6.6
-84.1,-6.6
-84,-6.6
-83.9,-6.6
-83.8,-6.6
-83.7,-6.6
-83.6,-6.6
-83.5,-6.6
-83.4,-6.6
-83.3,-6.6
-83.2,-6.6
-83.1,-6.6
-83,-6.6
-82.9,-6.6
-82.8,-6.6
-82.7,-6.6
-82.6,-6.6
-82.5,-6.6
-82.4,-6.6
-82.3,-6.6
-82.2,-6.6
-82.1,-6.6
-82,-6.6
-81.9,-6.6
-81.8,-6.6
-81.7,-6.6
-81.6,-6.6
-81.5,-6.6
-81.4,-6.6
-81.3,-6.6
-81.2,-6.6
-81.1,-6.6
-81,-6.6
-80.9,-6.6
-85.4,-6.5
-85.3,-6.5
-85.2,-6.5
-85.1,-6.5
-85,-6.5
-84.9,-6.5
-84.8,-6.5
-84.7,-6.5
-84.6,-6.5
-84.5,-6.5
-84.4,-6.5
-84.3,-6.5
-84.2,-6.5
-84.1,-6.5
-84,-6.5
-83.9,-6.5
-83.8,-6.5
-83.7,-6.5
-83.6,-6.5
-83.5,-6.5
-83.4,-6.5
-83.3,-6.5
-83.2,-6.5
-83.1,-6.5
-83,-6.5
-82.9,-6.5
-82.8,-6.5
-82.7,-6.5
-82.6,-6.5
-82.5,-6.5
-82.4,-6.5
-82.3,-6.5
-82.2,-6.5
-82.1,-6.5
-82,-6.5
-81.9,-6.5
-81.8,-6.5
-81.7,-6.5
-81.6,-6.5
-81.5,-6.5
-81.4,-6.5
-81.3,-6.5
-81.2,-6.5
-81.1,-6.5
-81,-6.5
-85.5,-6.4
-85.4,-6.4
-85.3,-6.4
-85.2,-6.4
-85.1,-6.4
-85,-6.4
-84.9,-6.4
-84.8,-6.4
-84.7,-6.4
-84.6,-6.4
-84.5,-6.4
-84.4,-6.4
-84.3,-6.4
-84.2,-6.4
-84.1,-6.4
-84,-6.4
-83.9,-6.4
-83.8,-6.4
-83.7,-6.4
-83.6,-6.4
-83.5,-6.4
-83.4,-6.4
-83.3,-6.4
-83.2,-6.4
-83.1,-6.4
-83,-6.4
-82.9,-6.4
-82.8,-6.4
-82.7,-6.4
-82.6,-6.4
-82.5,-6.4
-82.4,-6.4
-82.3,-6.4
-82.2,-6.4
-82.1,-6.4
-82,-6.4
-81.9,-6.4
-81.8,-6.4
-81.7,-6.4
-81.6,-6.4
-81.5,-6.4
-81.4,-6.4
-81.3,-6.4
-81.2,-6.4
-81.1,-6.4
-85.5,-6.3
-85.4,-6.3
-85.3,-6.3
-85.2,-6.3
-85.1,-6.3
-85,-6.3
-84.9,-6.3
-84.8,-6.3
-84.7,-6.3
-84.6,-6.3
-84.5,-6.3
-84.4,-6.3
-84.3,-6.3
-84.2,-6.3
-84.1,-6.3
-84,-6.3
-83.9,-6.3
-83.8,-6.3
-83.7,-6.3
-83.6,-6.3
-83.5,-6.3
-83.4,-6.3
-83.3,-6.3
-83.2,-6.3
-83.1,-6.3
-83,-6.3
-82.9,-6.3
-82.8,-6.3
-82.7,-6.3
-82.6,-6.3
-82.5,-6.3
-82.4,-6.3
-82.3,-6.3
-82.2,-6.3
-82.1,-6.3
-82,-6.3
-81.9,-6.3
-81.8,-6.3
-81.7,-6.3
-81.6,-6.3
-81.5,-6.3
-81.4,-6.3
-81.3,-6.3
-81.2,-6.3
-85.6,-6.2
-85.5,-6.2
-85.4,-6.2
-85.3,-6.2
-85.2,-6.2
-85.1,-6.2
-85,-6.2
-84.9,-6.2
-84.8,-6.2
-84.7,-6.2
-84.6,-6.2
-84.5,-6.2
-84.4,-6.2
-84.3,-6.2
-84.2,-6.2
-84.1,-6.2
-84,-6.2
-83.9,-6.2
-83.8,-6.2
-83.7,-6.2
-83.6,-6.2
-83.5,-6.2
-83.4,-6.2
-83.3,-6.2
-83.2,-6.2
-83.1,-6.2
-83,-6.2
-82.9,-6.2
-82.8,-6.2
-82.7,-6.2
-82.6,-6.2
-82.5,-6.2
-82.4,-6.2
-82.3,-6.2
-82.2,-6.2
-82.1,-6.2
-82,-6.2
-81.9,-6.2
-81.8,-6.2
-81.7,-6.2
-81.6,-6.2
-81.5,-6.2
-81.4,-6.2
-81.3,-6.2
-81.2,-6.2
-85.6,-6.1
-85.5,-6.1
-85.4,-6.1
-85.3,-6.1
-85.2,-6.1
-85.1,-6.1
-85,-6.1
-84.9,-6.1
-84.8,-6.1
-84.7,-6.1
-84.6,-6.1
-84.5,-6.1
-84.4,-6.1
-84.3,-6.1
-84.2,-6.1
-84.1,-6.1
-84,-6.1
-83.9,-6.1
-83.8,-6.1
-83.7,-6.1
-83.6,-6.1
-83.5,-6.1
-83.4,-6.1
-83.3,-6.1
-83.2,-6.1
-83.1,-6.1
-83,-6.1
-82.9,-6.1
-82.8,-6.1
-82.7,-6.1
-82.6,-6.1
-82.5,-6.1
-82.4,-6.1
-82.3,-6.1
-82.2,-6.1
-82.1,-6.1
-82,-6.1
-81.9,-6.1
-81.8,-6.1
-81.7,-6.1
-81.6,-6.1
-81.5,-6.1
-81.4,-6.1
-81.3,-6.1
-85.7,-6
-85.6,-6
-85.5,-6
-85.4,-6
-85.3,-6
-85.2,-6
-85.1,-6
-85,-6
-84.9,-6
-84.8,-6
-84.7,-6
-84.6,-6
-84.5,-6
-84.4,-6
-84.3,-6
-84.2,-6
-84.1,-6
-84,-6
-83.9,-6
-83.8,-6
-83.7,-6
-83.6,-6
-83.5,-6
-83.4,-6
-83.3,-6
-83.2,-6
-83.1,-6
-83,-6
-82.9,-6
-82.8,-6
-82.7,-6
-82.6,-6
-82.5,-6
-82.4,-6
-82.3,-6
-82.2,-6
-82.1,-6
-82,-6
-81.9,-6
-81.8,-6
-81.7,-6
-81.6,-6
-81.5,-6
-81.4,-6
-85.6,-5.9
-85.5,-5.9
-85.4,-5.9
-85.3,-5.9
-85.2,-5.9
-85.1,-5.9
-85,-5.9
-84.9,-5.9
-84.8,-5.9
-84.7,-5.9
-84.6,-5.9
-84.5,-5.9
-84.4,-5.9
-84.3,-5.9
-84.2,-5.9
-84.1,-5.9
-84,-5.9
-83.9,-5.9
-83.8,-5.9
-83.7,-5.9
-83.6,-5.9
-83.5,-5.9
-83.4,-5.9
-83.3,-5.9
-83.2,-5.9
-83.1,-5.9
-83,-5.9
-82.9,-5.9
-82.8,-5.9
-82.7,-5.9
-82.6,-5.9
-82.5,-5.9
-82.4,-5.9
-82.3,-5.9
-82.2,-5.9
-82.1,-5.9
-82,-5.9
-81.9,-5.9
-81.8,-5.9
-81.7,-5.9
-81.6,-5.9
-81.5,-5.9
-85.6,-5.8
-85.5,-5.8
-85.4,-5.8
-85.3,-5.8
-85.2,-5.8
-85.1,-5.8
-85,-5.8
-84.9,-5.8
-84.8,-5.8
-84.7,-5.8
-84.6,-5.8
-84.5,-5.8
-84.4,-5.8
-84.3,-5.8
-84.2,-5.8
-84.1,-5.8
-84,-5.8
-83.9,-5.8
-83.8,-5.8
-83.7,-5.8
-83.6,-5.8
-83.5,-5.8
-83.4,-5.8
-83.3,-5.8
-83.2,-5.8
-83.1,-5.8
-83,-5.8
-82.9,-5.8
-82.8,-5.8
-82.7,-5.8
-82.6,-5.8
-82.5,-5.8
-82.4,-5.8
-82.3,-5.8
-82.2,-5.8
-82.1,-5.8
-82,-5.8
-81.9,-5.8
-81.8,-5.8
-81.7,-5.8
-81.6,-5.8
-85.5,-5.7
-85.4,-5.7
-85.3,-5.7
-85.2,-5.7
-85.1,-5.7
-85,-5.7
-84.9,-5.7
-84.8,-5.7
-84.7,-5.7
-84.6,-5.7
-84.5,-5.7
-84.4,-5.7
-84.3,-5.7
-84.2,-5.7
-84.1,-5.7
-84,-5.7
-83.9,-5.7
-83.8,-5.7
-83.7,-5.7
-83.6,-5.7
-83.5,-5.7
-83.4,-5.7
-83.3,-5.7
-83.2,-5.7
-83.1,-5.7
-83,-5.7
-82.9,-5.7
-82.8,-5.7
-82.7,-5.7
-82.6,-5.7
-82.5,-5.7
-82.4,-5.7
-82.3,-5.7
-82.2,-5.7
-82.1,-5.7
-82,-5.7
-81.9,-5.7
-81.8,-5.7
-81.7,-5.7
-81.6,-5.7
-85.5,-5.6
-85.4,-5.6
-85.3,-5.6
-85.2,-5.6
-85.1,-5.6
-85,-5.6
-84.9,-5.6
-84.8,-5.6
-84.7,-5.6
-84.6,-5.6
-84.5,-5.6
-84.4,-5.6
-84.3,-5.6
-84.2,-5.6
-84.1,-5.6
-84,-5.6
-83.9,-5.6
-83.8,-5.6
-83.7,-5.6
-83.6,-5.6
-83.5,-5.6
-83.4,-5.6
-83.3,-5.6
-83.2,-5.6
-83.1,-5.6
-83,-5.6
-82.9,-5.6
-82.8,-5.6
-82.7,-5.6
-82.6,-5.6
-82.5,-5.6
-82.4,-5.6
-82.3,-5.6
-82.2,-5.6
-82.1,-5.6
-82,-5.6
-81.9,-5.6
-81.8,-5.6
-81.7,-5.6
-85.4,-5.5
-85.3,-5.5
-85.2,-5.5
-85.1,-5.5
-85,-5.5
-84.9,-5.5
-84.8,-5.5
-84.7,-5.5
-84.6,-5.5
-84.5,-5.5
-84.4,-5.5
-84.3,-5.5
-84.2,-5.5
-84.1,-5.5
-84,-5.5
-83.9,-5.5
-83.8,-5.5
-83.7,-5.5
-83.6,-5.5
-83.5,-5.5
-83.4,-5.5
-83.3,-5.5
-83.2,-5.5
-83.1,-5.5
-83,-5.5
-82.9,-5.5
-82.8,-5.5
-82.7,-5.5
-82.6,-5.5
-82.5,-5.5
-82.4,-5.5
-82.3,-5.5
-82.2,-5.5
-82.1,-5.5
-82,-5.5
-81.9,-5.5
-81.8,-5.5
-85.4,-5.4
-85.3,-5.4
-85.2,-5.4
-85.1,-5.4
-85,-5.4
-84.9,-5.4
-84.8,-5.4
-84.7,-5.4
-84.6,-5.4
-84.5,-5.4
-84.4,-5.4
-84.3,-5.4
-84.2,-5.4
-84.1,-5.4
-84,-5.4
-83.9,-5.4
-83.8,-5.4
-83.7,-5.4
-83.6,-5.4
-83.5,-5.4
-83.4,-5.4
-83.3,-5.4
-83.2,-5.4
-83.1,-5.4
-83,-5.4
-82.9,-5.4
-82.8,-5.4
-82.7,-5.4
-82.6,-5.4
-82.5,-5.4
-82.4,-5.4
-82.3,-5.4
-82.2,-5.4
-82.1,-5.4
-82,-5.4
-81.9,-5.4
-85.4,-5.3
-85.3,-5.3
-85.2,-5.3
-85.1,-5.3
-85,-5.3
-84.9,-5.3
-84.8,-5.3
-84.7,-5.3
-84.6,-5.3
-84.5,-5.3
-84.4,-5.3
-84.3,-5.3
-84.2,-5.3
-84.1,-5.3
-84,-5.3
-83.9,-5.3
-83.8,-5.3
-83.7,-5.3
-83.6,-5.3
-83.5,-5.3
-83.4,-5.3
-83.3,-5.3
-83.2,-5.3
-83.1,-5.3
-83,-5.3
-82.9,-5.3
-82.8,-5.3
-82.7,-5.3
-82.6,-5.3
-82.5,-5.3
-82.4,-5.3
-82.3,-5.3
-82.2,-5.3
-82.1,-5.3
-82,-5.3
-81.9,-5.3
-85.3,-5.2
-85.2,-5.2
-85.1,-5.2
-85,-5.2
-84.9,-5.2
-84.8,-5.2
-84.7,-5.2
-84.6,-5.2
-84.5,-5.2
-84.4,-5.2
-84.3,-5.2
-84.2,-5.2
-84.1,-5.2
-84,-5.2
-83.9,-5.2
-83.8,-5.2
-83.7,-5.2
-83.6,-5.2
-83.5,-5.2
-83.4,-5.2
-83.3,-5.2
-83.2,-5.2
-83.1,-5.2
-83,-5.2
-82.9,-5.2
-82.8,-5.2
-82.7,-5.2
-82.6,-5.2
-82.5,-5.2
-82.4,-5.2
-82.3,-5.2
-82.2,-5.2
-82.1,-5.2
-82,-5.2
-81.9,-5.2
-81.8,-5.2
-85.3,-5.1
-85.2,-5.1
-85.1,-5.1
-85,-5.1
-84.9,-5.1
-84.8,-5.1
-84.7,-5.1
-84.6,-5.1
-84.5,-5.1
-84.4,-5.1
-84.3,-5.1
-84.2,-5.1
-84.1,-5.1
-84,-5.1
-83.9,-5.1
-83.8,-5.1
-83.7,-5.1
-83.6,-5.1
-83.5,-5.1
-83.4,-5.1
-83.3,-5.1
-83.2,-5.1
-83.1,-5.1
-83,-5.1
-82.9,-5.1
-82.8,-5.1
-82.7,-5.1
-82.6,-5.1
-82.5,-5.1
-82.4,-5.1
-82.3,-5.1
-82.2,-5.1
-82.1,-5.1
-82,-5.1
-81.9,-5.1
-81.8,-5.1
-85.2,-5
-85.1,-5
-85,-5
-84.9,-5
-84.8,-5
-84.7,-5
-84.6,-5
-84.5,-5
-84.4,-5
-84.3,-5
-84.2,-5
-84.1,-5
-84,-5
-83.9,-5
-83.8,-5
-83.7,-5
-83.6,-5
-83.5,-5
-83.4,-5
-83.3,-5
-83.2,-5
-83.1,-5
-83,-5
-82.9,-5
-82.8,-5
-82.7,-5
-82.6,-5
-82.5,-5
-82.4,-5
-82.3,-5
-82.2,-5
-82.1,-5
-82,-5
-81.9,-5
-81.8,-5
-81.7,-5
-85.2,-4.9
-85.1,-4.9
-85,-4.9
-84.9,-4.9
-84.8,-4.9
-84.7,-4.9
-84.6,-4.9
-84.5,-4.9
-84.4,-4.9
-84.3,-4.9
-84.2,-4.9
-84.1,-4.9
-84,-4.9
-83.9,-4.9
-83.8,-4.9
-83.7,-4.9
-83.6,-4.9
-83.5,-4.9
-83.4,-4.9
-83.3,-4.9
-83.2,-4.9
-83.1,-4.9
-83,-4.9
-82.9,-4.9
-82.8,-4.9
-82.7,-4.9
-82.6,-4.9
-82.5,-4.9
-82.4,-4.9
-82.3,-4.9
-82.2,-4.9
-82.1,-4.9
-82,-4.9
-81.9,-4.9
-81.8,-4.9
-81.7,-4.9
-85.2,-4.8
-85.1,-4.8
-85,-4.8
-84.9,-4.8
-84.8,-4.8
-84.7,-4.8
-84.6,-4.8
-84.5,-4.8
-84.4,-4.8
-84.3,-4.8
-84.2,-4.8
-84.1,-4.8
-84,-4.8
-83.9,-4.8
-83.8,-4.8
-83.7,-4.8
-83.6,-4.8
-83.5,-4.8
-83.4,-4.8
-83.3,-4.8
-83.2,-4.8
-83.1,-4.8
-83,-4.8
-82.9,-4.8
-82.8,-4.8
-82.7,-4.8
-82.6,-4.8
-82.5,-4.8
-82.4,-4.8
-82.3,-4.8
-82.2,-4.8
-82.1,-4.8
-82,-4.8
-81.9,-4.8
-81.8,-4.8
-81.7,-4.8
-81.6,-4.8
-85.1,-4.7
-85,-4.7
-84.9,-4.7
-84.8,-4.7
-84.7,-4.7
-84.6,-4.7
-84.5,-4.7
-84.4,-4.7
-84.3,-4.7
-84.2,-4.7
-84.1,-4.7
-84,-4.7
-83.9,-4.7
-83.8,-4.7
-83.7,-4.7
-83.6,-4.7
-83.5,-4.7
-83.4,-4.7
-83.3,-4.7
-83.2,-4.7
-83.1,-4.7
-83,-4.7
-82.9,-4.7
-82.8,-4.7
-82.7,-4.7
-82.6,-4.7
-82.5,-4.7
-82.4,-4.7
-82.3,-4.7
-82.2,-4.7
-82.1,-4.7
-82,-4.7
-81.9,-4.7
-81.8,-4.7
-81.7,-4.7
-81.6,-4.7
-81.5,-4.7
-85.1,-4.6
-85,-4.6
-84.9,-4.6
-84.8,-4.6
-84.7,-4.6
-84.6,-4.6
-84.5,-4.6
-84.4,-4.6
-84.3,-4.6
-84.2,-4.6
-84.1,-4.6
-84,-4.6
-83.9,-4.6
-83.8,-4.6
-83.7,-4.6
-83.6,-4.6
-83.5,-4.6
-83.4,-4.6
-83.3,-4.6
-83.2,-4.6
-83.1,-4.6
-83,-4.6
-82.9,-4.6
-82.8,-4.6
-82.7,-4.6
-82.6,-4.6
-82.5,-4.6
-82.4,-4.6
-82.3,-4.6
-82.2,-4.6
-82.1,-4.6
-82,-4.6
-81.9,-4.6
-81.8,-4.6
-81.7,-4.6
-81.6,-4.6
-81.5,-4.6
-85,-4.5
-84.9,-4.5
-84.8,-4.5
-84.7,-4.5
-84.6,-4.5
-84.5,-4.5
-84.4,-4.5
-84.3,-4.5
-84.2,-4.5
-84.1,-4.5
-84,-4.5
-83.9,-4.5
-83.8,-4.5
-83.7,-4.5
-83.6,-4.5
-83.5,-4.5
-83.4,-4.5
-83.3,-4.5
-83.2,-4.5
-83.1,-4.5
-83,-4.5
-82.9,-4.5
-82.8,-4.5
-82.7,-4.5
-82.6,-4.5
-82.5,-4.5
-82.4,-4.5
-82.3,-4.5
-82.2,-4.5
-82.1,-4.5
-82,-4.5
-81.9,-4.5
-81.8,-4.5
-81.7,-4.5
-81.6,-4.5
-81.5,-4.5
-81.4,-4.5
-85,-4.4
-84.9,-4.4
-84.8,-4.4
-84.7,-4.4
-84.6,-4.4
-84.5,-4.4
-84.4,-4.4
-84.3,-4.4
-84.2,-4.4
-84.1,-4.4
-84,-4.4
-83.9,-4.4
-83.8,-4.4
-83.7,-4.4
-83.6,-4.4
-83.5,-4.4
-83.4,-4.4
-83.3,-4.4
-83.2,-4.4
-83.1,-4.4
-83,-4.4
-82.9,-4.4
-82.8,-4.4
-82.7,-4.4
-82.6,-4.4
-82.5,-4.4
-82.4,-4.4
-82.3,-4.4
-82.2,-4.4
-82.1,-4.4
-82,-4.4
-81.9,-4.4
-81.8,-4.4
-81.7,-4.4
-81.6,-4.4
-81.5,-4.4
-81.4,-4.4
-85,-4.3
-84.9,-4.3
-84.8,-4.3
-84.7,-4.3
-84.6,-4.3
-84.5,-4.3
-84.4,-4.3
-84.3,-4.3
-84.2,-4.3
-84.1,-4.3
-84,-4.3
-83.9,-4.3
-83.8,-4.3
-83.7,-4.3
-83.6,-4.3
-83.5,-4.3
-83.4,-4.3
-83.3,-4.3
-83.2,-4.3
-83.1,-4.3
-83,-4.3
-82.9,-4.3
-82.8,-4.3
-82.7,-4.3
-82.6,-4.3
-82.5,-4.3
-82.4,-4.3
-82.3,-4.3
-82.2,-4.3
-82.1,-4.3
-82,-4.3
-81.9,-4.3
-81.8,-4.3
-81.7,-4.3
-81.6,-4.3
-81.5,-4.3
-81.4,-4.3
-81.3,-4.3
-84.9,-4.2
-84.8,-4.2
-84.7,-4.2
-84.6,-4.2
-84.5,-4.2
-84.4,-4.2
-84.3,-4.2
-84.2,-4.2
-84.1,-4.2
-84,-4.2
-83.9,-4.2
-83.8,-4.2
-83.7,-4.2
-83.6,-4.2
-83.5,-4.2
-83.4,-4.2
-83.3,-4.2
-83.2,-4.2
-83.1,-4.2
-83,-4.2
-82.9,-4.2
-82.8,-4.2
-82.7,-4.2
-82.6,-4.2
-82.5,-4.2
-82.4,-4.2
-82.3,-4.2
-82.2,-4.2
-82.1,-4.2
-82,-4.2
-81.9,-4.2
-81.8,-4.2
-81.7,-4.2
-81.6,-4.2
-81.5,-4.2
-81.4,-4.2
-81.3,-4.2
-84.9,-4.1
-84.8,-4.1
-84.7,-4.1
-84.6,-4.1
-84.5,-4.1
-84.4,-4.1
-84.3,-4.1
-84.2,-4.1
-84.1,-4.1
-84,-4.1
-83.9,-4.1
-83.8,-4.1
-83.7,-4.1
-83.6,-4.1
-83.5,-4.1
-83.4,-4.1
-83.3,-4.1
-83.2,-4.1
-83.1,-4.1
-83,-4.1
-82.9,-4.1
-82.8,-4.1
-82.7,-4.1
-82.6,-4.1
-82.5,-4.1
-82.4,-4.1
-82.3,-4.1
-82.2,-4.1
-82.1,-4.1
-82,-4.1
-81.9,-4.1
-81.8,-4.1
-81.7,-4.1
-81.6,-4.1
-81.5,-4.1
-81.4,-4.1
-81.3,-4.1
-81.2,-4.1
-84.8,-4
-84.7,-4
-84.6,-4
-84.5,-4
-84.4,-4
-84.3,-4
-84.2,-4
-84.1,-4
-84,-4
-83.9,-4
-83.8,-4
-83.7,-4
-83.6,-4
-83.5,-4
-83.4,-4
-83.3,-4
-83.2,-4
-83.1,-4
-83,-4
-82.9,-4
-82.8,-4
-82.7,-4
-82.6,-4
-82.5,-4
-82.4,-4
-82.3,-4
-82.2,-4
-82.1,-4
-82,-4
-81.9,-4
-81.8,-4
-81.7,-4
-81.6,-4
-81.5,-4
-81.4,-4
-81.3,-4
-81.2,-4
-81.1,-4
-84.8,-3.9
-84.7,-3.9
-84.6,-3.9
-84.5,-3.9
-84.4,-3.9
-84.3,-3.9
-84.2,-3.9
-84.1,-3.9
-84,-3.9
-83.9,-3.9
-83.8,-3.9
-83.7,-3.9
-83.6,-3.9
-83.5,-3.9
-83.4,-3.9
-83.3,-3.9
-83.2,-3.9
-83.1,-3.9
-83,-3.9
-82.9,-3.9
-82.8,-3.9
-82.7,-3.9
-82.6,-3.9
-82.5,-3.9
-82.4,-3.9
-82.3,-3.9
-82.2,-3.9
-82.1,-3.9
-82,-3.9
-81.9,-3.9
-81.8,-3.9
-81.7,-3.9
-81.6,-3.9
-81.5,-3.9
-81.4,-3.9
-81.3,-3.9
-81.2,-3.9
-81.1,-3.9
-84.8,-3.8
-84.7,-3.8
-84.6,-3.8
-84.5,-3.8
-84.4,-3.8
-84.3,-3.8
-84.2,-3.8
-84.1,-3.8
-84,-3.8
-83.9,-3.8
-83.8,-3.8
-83.7,-3.8
-83.6,-3.8
-83.5,-3.8
-83.4,-3.8
-83.3,-3.8
-83.2,-3.8
-83.1,-3.8
-83,-3.8
-82.9,-3.8
-82.8,-3.8
-82.7,-3.8
-82.6,-3.8
-82.5,-3.8
-82.4,-3.8
-82.3,-3.8
-82.2,-3.8
-82.1,-3.8
-82,-3.8
-81.9,-3.8
-81.8,-3.8
-81.7,-3.8
-81.6,-3.8
-81.5,-3.8
-81.4,-3.8
-81.3,-3.8
-81.2,-3.8
-81.1,-3.8
-81,-3.8
-84.7,-3.7
-84.6,-3.7
-84.5,-3.7
-84.4,-3.7
-84.3,-3.7
-84.2,-3.7
-84.1,-3.7
-84,-3.7
-83.9,-3.7
-83.8,-3.7
-83.7,-3.7
-83.6,-3.7
-83.5,-3.7
-83.4,-3.7
-83.3,-3.7
-83.2,-3.7
-83.1,-3.7
-83,-3.7
-82.9,-3.7
-82.8,-3.7
-82.7,-3.7
-82.6,-3.7
-82.5,-3.7
-82.4,-3.7
-82.3,-3.7
-82.2,-3.7
-82.1,-3.7
-82,-3.7
-81.9,-3.7
-81.8,-3.7
-81.7,-3.7
-81.6,-3.7
-81.5,-3.7
-81.4,-3.7
-81.3,-3.7
-81.2,-3.7
-81.1,-3.7
-81,-3.7
-84.7,-3.6
-84.6,-3.6
-84.5,-3.6
-84.4,-3.6
-84.3,-3.6
-84.2,-3.6
-84.1,-3.6
-84,-3.6
-83.9,-3.6
-83.8,-3.6
-83.7,-3.6
-83.6,-3.6
-83.5,-3.6
-83.4,-3.6
-83.3,-3.6
-83.2,-3.6
-83.1,-3.6
-83,-3.6
-82.9,-3.6
-82.8,-3.6
-82.7,-3.6
-82.6,-3.6
-82.5,-3.6
-82.4,-3.6
-82.3,-3.6
-82.2,-3.6
-82.1,-3.6
-82,-3.6
-81.9,-3.6
-81.8,-3.6
-81.7,-3.6
-81.6,-3.6
-81.5,-3.6
-81.4,-3.6
-81.3,-3.6
-81.2,-3.6
-81.1,-3.6
-81,-3.6
-80.9,-3.6
-84.6,-3.5
-84.5,-3.5
-84.4,-3.5
-84.3,-3.5
-84.2,-3.5
-84.1,-3.5
-84,-3.5
-83.9,-3.5
-83.8,-3.5
-83.7,-3.5
-83.6,-3.5
-83.5,-3.5
-83.4,-3.5
-83.3,-3.5
-83.2,-3.5
-83.1,-3.5
-83,-3.5
-82.9,-3.5
-82.8,-3.5
-82.7,-3.5
-82.6,-3.5
-82.5,-3.5
-82.4,-3.5
-82.3,-3.5
-82.2,-3.5
-82.1,-3.5
-82,-3.5
-81.9,-3.5
-81.8,-3.5
-81.7,-3.5
-81.6,-3.5
-81.5,-3.5
-81.4,-3.5
-81.3,-3.5
-81.2,-3.5
-81.1,-3.5
-81,-3.5
-80.9,-3.5
-84.6,-3.4
-84.5,-3.4
-84.4,-3.4
-84.3,-3.4
-84.2,-3.4
-84.1,-3.4
-84,-3.4
-83.9,-3.4
-83.8,-3.4
-83.7,-3.4
-83.6,-3.4
-83.5,-3.4
-83.4,-3.4
-83.3,-3.4
-83.2,-3.4
-83.1,-3.4
-83,-3.4
-82.9,-3.4
-82.8,-3.4
-82.7,-3.4
-82.6,-3.4
-82.5,-3.4
-82.4,-3.4
-82.3,-3.4
-82.2,-3.4
-82.1,-3.4
-82,-3.4
-81.9,-3.4
-81.8,-3.4
-81.7,-3.4
-81.6,-3.4
-81.5,-3.4
-81.4,-3.4
-81.3,-3.4
-81.2,-3.4
-81.1,-3.4
-81,-3.4
-80.9,-3.4
-80.8,-3.4
